GEOID,NAME,youth_10_19,services_per_1k_youth_10_19,median_hh_income_2023usd,zero_veh_share,severity_score,priority_tier,suitability_score
06073008331,83.31,556.0,5.39568345323741,217083.0,0.0148462354188759,0.45349501860360447,Medium,0.13876841713610077
06073008331,83.31,556.0,5.39568345323741,217083.0,0.0148462354188759,0.45349501860360447,Medium,0.13876841713610077
06073008331,83.31,556.0,5.39568345323741,217083.0,0.0148462354188759,0.45349501860360447,Medium,0.13876841713610077
06073008336,83.36,294.0,0.0,197841.0,0.0107816711590296,0.44613448329949534,Medium,0.39375070440205306
06073008337,83.37,677.0,1.4771048744460855,180496.0,0.0,0.4515255082288554,Medium,0.1616750902096515
06073011601,116.01,843.0,0.0,69542.0,0.0326555760936537,0.5391782796789661,Medium,0.4721624107677744
06073011602,116.02,603.0,0.0,57303.0,0.0946969696969697,0.5680518919934736,Medium,0.44854079314121886
06073011700,117,1071.0,0.0,56045.0,0.1561181434599156,0.5728858470716616,Medium,0.5538477398464118
06073011801,118.01,436.0,0.0,61146.0,0.0576241134751773,0.5444298049803835,Medium,0.4768934203677747
06073013307,133.07,826.0,0.0,80156.0,0.0,0.5414015957594218,Medium,0.4486219422172585
06073013308,133.08,551.0,0.0,95725.0,0.0289855072463768,0.5191738550349809,Medium,0.4249140277122448
06073013309,133.09,653.0,0.0,140882.0,0.0047468354430379,0.4614796453073151,Medium,0.45645322920616377
06073013312,133.12,513.0,0.0,97188.0,0.1805714285714285,0.5666974361688523,Medium,0.41767442420342016
06073008343,83.43,320.0,6.25,82325.0,0.0849858356940509,0.5034677688999415,Medium,0.17410781769758726
06073008343,83.43,320.0,6.25,82325.0,0.0849858356940509,0.5034677688999415,Medium,0.17410781769758726
06073008344,83.44,393.0,5.089058524173028,176680.0,0.0050804403048264,0.4411477978374897,Medium,0.15461111903437036
06073008344,83.44,393.0,5.089058524173028,176680.0,0.0050804403048264,0.4411477978374897,Medium,0.15461111903437036
06073008345,83.45,371.0,0.0,88095.0,0.0476923076923076,0.5047385776881939,Medium,0.43206303967981946
06073013401,134.01,715.0,0.0,134358.0,0.0196936542669584,0.4961178377007633,Medium,0.42901397862546603
06073013409,134.09,780.0,0.0,108590.0,0.0147710487444608,0.5015119896047975,Medium,0.423271749150259
06073015601,156.01,936.0,0.0,63974.0,0.0514813016027197,0.5523142362122911,Medium,0.46298885634030235
06073015701,157.01,978.0,0.0,42750.0,0.0899958141481791,0.5723588206079494,Medium,0.4711478844756691
06073008348,83.48,243.0,8.23045267489712,150847.0,0.0524746571258199,0.43621541578607975,Medium,0.145079038217457
06073008348,83.48,243.0,8.23045267489712,150847.0,0.0524746571258199,0.43621541578607975,Medium,0.145079038217457
06073008349,83.49,268.0,0.0,129038.0,0.0812274368231047,0.4758804732143799,Medium,0.4516648801506334
06073008351,83.51,377.0,0.0,149196.0,0.0272011453113815,0.45499879677133825,Medium,0.43420723040502796
06073008352,83.52,456.0,2.1929824561403506,133869.0,0.0569430569430569,0.48274742308802454,Medium,0.15610364294218765
06073008353,83.53,497.0,0.0,151857.0,0.048780487804878,0.4685056535250672,Medium,0.4178256230567842
06073015801,158.01,500.0,0.0,52212.0,0.1809859154929577,0.5767583038580437,Medium,0.4384443113451873
06073015901,159.01,640.0,0.0,45690.0,0.1695568400770712,0.5936422318645268,Medium,0.4576189673428101
06073015902,159.02,717.0,0.0,45921.0,0.1585227272727272,0.5744262639057456,Medium,0.426477070237915
06073016000,160,195.0,0.0,100547.0,0.0515463917525773,0.4945695901468771,Medium,0.42254093997599085
06073008355,83.55,283.0,7.067137809187279,154000.0,0.0346320346320346,0.45034378054512625,Medium,0.1373865109149575
06073008355,83.55,283.0,7.067137809187279,154000.0,0.0346320346320346,0.45034378054512625,Medium,0.1373865109149575
06073008356,83.56,366.0,0.0,121548.0,0.0288732394366197,0.4802866771438542,Medium,0.44103725550830347
06073008357,83.57,386.0,5.181347150259067,114583.0,0.070855614973262,0.4831711396290056,Medium,0.17372664531194248
06073008357,83.57,386.0,5.181347150259067,114583.0,0.070855614973262,0.4831711396290056,Medium,0.17372664531194248
06073008358,83.58,549.0,1.8214936247723132,115942.0,0.0707707222491517,0.4865297803498355,Medium,0.251995214558949
06073008359,83.59,397.0,2.5188916876574305,86685.0,0.0720968629609246,0.5081173309253838,Medium,0.19003829218104654
06073016401,164.01,786.0,0.0,110076.0,0.0544611819235225,0.5160766814924793,Medium,0.45064214129643204
06073016100,161,758.0,0.0,108175.0,0.0,0.49468000249923977,Medium,0.5100757468269331
06073016202,162.02,663.0,0.0,68813.0,0.1270553064275037,0.5688103986131438,Medium,0.5203881136513637
06073016301,163.01,587.0,0.0,64446.0,0.1422044545973729,0.5535113739873347,Medium,0.4326122214053853
06073016302,163.02,1023.0,0.0,56154.0,0.0515695067264574,0.5656931306782058,Medium,0.4541374209538848
06073003209,32.09,652.0,3.067484662576687,80436.0,0.0373937677053824,0.5194728280007229,Medium,0.18656617142129156
06073003209,32.09,652.0,3.067484662576687,80436.0,0.0373937677053824,0.5194728280007229,Medium,0.18656617142129156
06073003211,32.11,355.0,0.0,96563.0,0.0121816168327796,0.5037254993918874,Medium,0.43079843281499947
06073003212,32.12,446.0,2.242152466367713,103281.0,0.0400763358778625,0.5011962617571297,Medium,0.1659124792285459
06073003213,32.13,348.0,0.0,125164.0,0.003006012024048,0.4719387797305702,Medium,0.4017214128263557
06073017107,171.07,491.0,0.0,199063.0,0.0,0.44974205691108005,Medium,0.4186772510561861
06073008360,83.60,791.0,0.0,99122.0,0.0681438127090301,0.5116613415069353,Medium,0.5144052090911755
06073008502,85.02,772.0,1.2953367875647668,100387.0,0.0530514559234144,0.5071009758806769,Medium,0.23440928678800285
06073008504,85.04,250.0,16.0,131429.0,0.062829525483304,0.43891360367970866,Medium,0.22560307154482348
06073008504,85.04,250.0,16.0,131429.0,0.062829525483304,0.43891360367970866,Medium,0.22560307154482348
06073008504,85.04,250.0,16.0,131429.0,0.062829525483304,0.43891360367970866,Medium,0.22560307154482348
06073008504,85.04,250.0,16.0,131429.0,0.062829525483304,0.43891360367970866,Medium,0.22560307154482348
06073008504,85.04,250.0,16.0,131429.0,0.062829525483304,0.43891360367970866,Medium,0.22560307154482348
06073008504,85.04,250.0,16.0,131429.0,0.062829525483304,0.43891360367970866,Medium,0.22560307154482348
06073008504,85.04,250.0,16.0,131429.0,0.062829525483304,0.43891360367970866,Medium,0.22560307154482348
06073008504,85.04,250.0,16.0,131429.0,0.062829525483304,0.43891360367970866,Medium,0.22560307154482348
06073008505,85.05,705.0,1.4184397163120568,87178.0,0.0442126179831097,0.5212858988388505,Medium,0.20524193260272985
06073016502,165.02,1051.0,0.0,66701.0,0.0527777777777777,0.538753101263199,Medium,0.4557602381248433
06073017104,171.04,587.0,0.0,136468.0,0.0464285714285714,0.5015682794153614,Medium,0.41193488674610385
06073003214,32.14,506.0,0.0,80762.0,0.011605415860735,0.5120851008204442,Medium,0.41188962544754965
06073003301,33.01,459.0,4.357298474945535,72773.0,0.0936883629191321,0.5404067605871079,Medium,0.2452934148706028
06073003301,33.01,459.0,4.357298474945535,72773.0,0.0936883629191321,0.5404067605871079,Medium,0.2452934148706028
06073003303,33.03,535.0,3.7383177570093458,57699.0,0.0571020699500356,0.542853617324733,Medium,0.20993390475753354
06073003303,33.03,535.0,3.7383177570093458,57699.0,0.0571020699500356,0.542853617324733,Medium,0.20993390475753354
06073003403,34.03,513.0,1.949317738791423,66711.0,0.0551330798479087,0.5405509292320223,Medium,0.18625306000512154
06073008506,85.06,445.0,0.0,118633.0,0.0305927342256214,0.4897007348281007,Medium,0.46547647927051533
06073008507,85.07,797.0,1.2547051442910917,87269.0,0.0433634992458521,0.512323147448491,Medium,0.22412411311679184
06073008509,85.09,471.0,2.1231422505307855,115600.0,0.0731981981981982,0.4818187596610076,Medium,0.19138924049772887
06073008510,85.10,437.0,0.0,79226.0,0.1223049784398275,0.5204243645150461,Medium,0.4745959362571458
06073008512,85.12,341.0,0.0,118224.0,0.0581771170006464,0.4847727575950257,Medium,0.4609551700584401
06073017108,171.08,544.0,0.0,165893.0,0.0417947141979102,0.46718738776525826,Medium,0.41287888102127906
06073017303,173.03,535.0,0.0,119558.0,0.0059701492537313,0.5017434388072362,Medium,0.42216280787699584
06073003404,34.04,885.0,1.1299435028248588,75843.0,0.0521739130434782,0.55797548828115,Medium,0.2711785147777322
06073003501,35.01,596.0,1.6778523489932886,59974.0,0.1286141575274177,0.5717195744048926,Medium,0.22228783307825345
06073003502,35.02,445.0,6.741573033707866,43807.0,0.0989193682460515,0.5398557487718405,Medium,0.19887995658146207
06073003502,35.02,445.0,6.741573033707866,43807.0,0.0989193682460515,0.5398557487718405,Medium,0.19887995658146207
06073003502,35.02,445.0,6.741573033707866,43807.0,0.0989193682460515,0.5398557487718405,Medium,0.19887995658146207
06073003602,36.02,780.0,3.8461538461538463,64444.0,0.0964285714285714,0.5786641429973434,Medium,0.193657372039725
06073003602,36.02,780.0,3.8461538461538463,64444.0,0.0964285714285714,0.5786641429973434,Medium,0.193657372039725
06073003602,36.02,780.0,3.8461538461538463,64444.0,0.0964285714285714,0.5786641429973434,Medium,0.193657372039725
06073003603,36.03,533.0,1.876172607879925,63664.0,0.1112195121951219,0.5663098948604947,Medium,0.1951980732578109
06073008513,85.13,320.0,6.25,132500.0,0.0086655112651646,0.468741090003237,Medium,0.15982210341187297
06073008513,85.13,320.0,6.25,132500.0,0.0086655112651646,0.468741090003237,Medium,0.15982210341187297
06073008600,86,803.0,3.7359900373599007,63924.0,0.0672489082969432,0.5360012433713977,Medium,0.2077574307772325
06073008600,86,803.0,3.7359900373599007,63924.0,0.0672489082969432,0.5360012433713977,Medium,0.2077574307772325
06073008600,86,803.0,3.7359900373599007,63924.0,0.0672489082969432,0.5360012433713977,Medium,0.2077574307772325
06073008701,87.01,312.0,6.41025641025641,78516.0,0.0106295993458708,0.4984410606464633,Medium,0.2127898913692012
06073008701,87.01,312.0,6.41025641025641,78516.0,0.0106295993458708,0.4984410606464633,Medium,0.2127898913692012
06073008702,87.02,669.0,0.0,111025.0,0.0874125874125874,0.5145674800405104,Medium,0.4981581550402318
06073017305,173.05,386.0,0.0,168889.0,0.0120663650075414,0.4548486610799548,Medium,0.38161562933861204
06073018621,186.21,418.0,0.0,115250.0,0.0440917107583774,0.5392189327590978,Medium,0.4245756785505659
06073009108,91.08,187.0,0.0,88654.0,0.0133630289532293,0.49851900403955607,Medium,0.4848712297858535
06073017069,170.69,407.0,0.0,186625.0,0.0187265917602996,0.46976859331828835,Medium,0.4008791683201581
06073003800,38,732.0,0.0,,1.0,,,0.47380303974716986
06073003901,39.01,818.0,1.2224938875305624,67459.0,0.0833333333333333,0.5671970397811001,Medium,0.23133902195729297
06073003902,39.02,637.0,4.7095761381475665,53750.0,0.2438316400580551,0.588141851816339,Medium,0.22477202557078524
06073003902,39.02,637.0,4.7095761381475665,53750.0,0.2438316400580551,0.588141851816339,Medium,0.22477202557078524
06073003902,39.02,637.0,4.7095761381475665,53750.0,0.2438316400580551,0.588141851816339,Medium,0.22477202557078524
06073004000,40,815.0,4.9079754601226995,53643.0,0.0588723051409618,0.5713179558455137,Medium,0.21703758165840256
06073004000,40,815.0,4.9079754601226995,53643.0,0.0588723051409618,0.5713179558455137,Medium,0.21703758165840256
06073004000,40,815.0,4.9079754601226995,53643.0,0.0588723051409618,0.5713179558455137,Medium,0.21703758165840256
06073004000,40,815.0,4.9079754601226995,53643.0,0.0588723051409618,0.5713179558455137,Medium,0.21703758165840256
06073008800,88,663.0,1.5082956259426847,76775.0,0.1263001485884101,0.5338879480583797,Medium,0.233639979809415
06073008901,89.01,352.0,0.0,95441.0,0.0354017501988862,0.4862381769201406,Medium,0.4741169651346293
06073013317,133.17,2913.0,0.0,139464.0,0.0125582337451893,0.499544229059197,Medium,0.5719461069628273
06073018201,182.01,433.0,0.0,75707.0,0.0750407830342577,0.5425058508483874,Medium,0.4219047682240039
06073018101,181.01,257.0,0.0,116215.0,0.0273764258555133,0.4760033518954573,Medium,0.4026926250031508
06073017202,172.02,132.0,0.0,179018.0,0.0083916083916083,0.43173317921330995,Medium,0.4112216353897751
06073018302,183.02,37.0,0.0,67955.0,0.0352941176470588,0.4901956961117728,Medium,0.41303218079624215
06073017068,170.68,644.0,0.0,145313.0,0.0229306487695749,0.48190368213751905,Medium,0.4536456744419657
06073013325,133.25,602.0,0.0,82529.0,0.0363732208750658,0.5132879564938869,Medium,0.41409234101729764
06073013318,133.18,1687.0,0.0,151302.0,0.0256762952773956,0.514761307743886,Medium,0.46108778436871023
06073001301,13.01,144.0,0.0,105903.0,0.0539682539682539,0.4786417212522452,Medium,0.4556894234314106
06073015407,154.07,345.0,0.0,46267.0,0.1019575856443719,0.5468519219998679,Medium,0.3930612649535958
06073008367,83.67,545.0,3.669724770642202,120742.0,0.0394626364399664,0.5097638252850707,Medium,0.141041918141734
06073008367,83.67,545.0,3.669724770642202,120742.0,0.0394626364399664,0.5097638252850707,Medium,0.141041918141734
06073010017,100.17,919.0,3.264417845484222,108042.0,0.0213256484149855,0.5043681749915947,Medium,0.19260722919408363
06073010017,100.17,919.0,3.264417845484222,108042.0,0.0213256484149855,0.5043681749915947,Medium,0.19260722919408363
06073010017,100.17,919.0,3.264417845484222,108042.0,0.0213256484149855,0.5043681749915947,Medium,0.19260722919408363
06073007304,73.04,112.0,0.0,104311.0,0.0505149583128984,0.4693857091558157,Medium,0.40234492284239526
06073005602,56.02,0.0,,100397.0,0.0362056480811006,,,
06073005602,56.02,0.0,,100397.0,0.0362056480811006,,,
06073005602,56.02,0.0,,100397.0,0.0362056480811006,,,
06073005602,56.02,0.0,,100397.0,0.0362056480811006,,,
06073005602,56.02,0.0,,100397.0,0.0362056480811006,,,
06073005602,56.02,0.0,,100397.0,0.0362056480811006,,,
06073005602,56.02,0.0,,100397.0,0.0362056480811006,,,
06073005602,56.02,0.0,,100397.0,0.0362056480811006,,,
06073005602,56.02,0.0,,100397.0,0.0362056480811006,,,
06073005602,56.02,0.0,,100397.0,0.0362056480811006,,,
06073005602,56.02,0.0,,100397.0,0.0362056480811006,,,
06073005602,56.02,0.0,,100397.0,0.0362056480811006,,,
06073005602,56.02,0.0,,100397.0,0.0362056480811006,,,
06073005602,56.02,0.0,,100397.0,0.0362056480811006,,,
06073021306,213.06,890.0,0.0,157008.0,0.0072416063199473,0.48810665594340485,Medium,0.4230147010246981
06073013319,133.19,1094.0,0.0,145256.0,0.0475008862105636,0.48346520680740374,Medium,0.4356493175199064
06073009101,91.01,374.0,0.0,108873.0,0.0192139737991266,0.47710387138897925,Medium,0.517972331422943
06073013324,133.24,568.0,0.0,125244.0,0.0036144578313253,0.5376899793762893,Medium,0.4043240013495594
06073009000,90,393.0,2.544529262086514,112292.0,0.0238957277335264,0.4844725441236272,Medium,0.17003187004816883
06073008371,83.71,544.0,3.676470588235294,159405.0,0.040207522697795,0.47126662824234505,Medium,0.1516811240745236
06073008371,83.71,544.0,3.676470588235294,159405.0,0.040207522697795,0.47126662824234505,Medium,0.1516811240745236
06073008368,83.68,1130.0,0.8849557522123894,211830.0,0.0061951471347444,0.4494314130026682,Medium,0.20151744274038946
06073017057,170.57,408.0,0.0,173750.0,0.0267022696929239,0.45060126327274164,Medium,0.41883317868492753
06073021502,215.02,1886.0,1.0604453870625663,176076.0,0.0472415979708306,0.49629471248228924,Medium,0.24035971857818417
06073021502,215.02,1886.0,1.0604453870625663,176076.0,0.0472415979708306,0.49629471248228924,Medium,0.24035971857818417
06073007601,76.01,22.0,136.36363636363637,93785.0,0.0657004830917874,0.3044919188622346,Low,0.24784940448433054
06073007601,76.01,22.0,136.36363636363637,93785.0,0.0657004830917874,0.3044919188622346,Low,0.24784940448433054
06073007601,76.01,22.0,136.36363636363637,93785.0,0.0657004830917874,0.3044919188622346,Low,0.24784940448433054
06073008373,83.73,354.0,2.824858757062147,219271.0,0.0354118552732871,0.4164761742374605,Medium,0.13255329194121676
06073017201,172.01,131.0,0.0,193348.0,0.0161702127659574,0.4140464974627299,Medium,0.40108468529667846
06073007911,79.11,105.0,0.0,115134.0,0.110277569392348,0.48003314448198064,Medium,0.42242807688599476
06073018102,181.02,88.0,0.0,87976.0,0.0088709677419354,0.4738001847375088,Medium,0.3874632697316606
06073008201,82.01,45.0,66.66666666666667,129688.0,0.068259385665529,0.3717596575199682,Low,0.13160534444227473
06073008201,82.01,45.0,66.66666666666667,129688.0,0.068259385665529,0.3717596575199682,Low,0.13160534444227473
06073008201,82.01,45.0,66.66666666666667,129688.0,0.068259385665529,0.3717596575199682,Low,0.13160534444227473
06073020035,200.35,1105.0,0.0,172092.0,0.0058400718778077,0.4782142037704357,Medium,0.44913647127206113
06073020032,200.32,677.0,0.0,163000.0,0.0207407407407407,0.4992859789278091,Medium,0.4168735475116577
06073020033,200.33,447.0,0.0,115682.0,0.0172413793103448,0.4872795152499527,Medium,0.37659779363846596
06073020030,200.30,1957.0,0.0,180625.0,0.0672012218403971,0.507917652294088,Medium,0.5148855371665487
06073008377,83.77,123.0,0.0,79444.0,0.145360824742268,0.5194841864574175,Medium,0.4235897925440431
06073008379,83.79,219.0,0.0,65625.0,0.2631859350026638,0.5482273134115103,Medium,0.4416112044798388
06073018202,182.02,372.0,0.0,82875.0,0.0161702127659574,0.5095537365175744,Medium,0.430826781826633
06073018616,186.16,185.0,0.0,66733.0,0.1057563587684069,0.5165284507829285,Medium,0.41809337350833903
06073010018,100.18,1079.0,0.9267840593141798,139643.0,0.0236294896030245,0.4957081465163729,Medium,0.21315783038161723
06073005102,51.02,0.0,,85541.0,0.2048417132216015,,,
06073005101,51.01,318.0,0.0,64155.0,0.1928429423459244,0.549793020451262,Medium,0.46606440397361365
06073017901,179.01,151.0,0.0,72901.0,0.0963157894736842,0.5029222606585876,Medium,0.412596272050453
06073022102,221.02,1695.0,0.0,143056.0,0.0138181818181818,0.5232026829201337,Medium,0.5120285794644515
06073017070,170.70,1183.0,0.0,195865.0,0.0364217252396166,0.4880234746986038,Medium,0.4240654515041183
06073008380,83.80,519.0,1.9267822736030829,92583.0,0.0043747721472839,0.48695807672199026,Medium,0.15465110218633082
06073018301,183.01,36.0,0.0,72230.0,0.0373134328358208,0.4925878230237798,Medium,0.41297409087800135
06073017902,179.02,239.0,0.0,72863.0,0.0,0.5033406583346,Medium,0.38740913937394206
06073007912,79.12,49.0,40.81632653061224,113724.0,0.0536277602523659,0.4120610685952143,Medium,0.1428848938725981
06073007912,79.12,49.0,40.81632653061224,113724.0,0.0536277602523659,0.4120610685952143,Medium,0.1428848938725981
06073007602,76.02,12.0,83.33333333333333,129764.0,0.1208198489751887,0.35432960036428934,Low,0.11885615794278341
06073013327,133.27,587.0,0.0,144328.0,0.0789317507418397,0.47824196221739357,Medium,0.4283033940308114
06073017606,176.06,435.0,0.0,97412.0,0.0386940749697702,0.5108325612287766,Medium,0.4296845528029937
06073017605,176.05,696.0,0.0,135797.0,0.0983858570330515,0.5251431762241443,Medium,0.43239698386425474
06073013321,133.21,1558.0,0.0,148068.0,0.0044943820224719,0.4981511930007002,Medium,0.4567471006889402
06073020038,200.38,483.0,0.0,157069.0,0.0,0.45035745604421734,Medium,0.41441377259620343
06073000301,3.01,111.0,0.0,79605.0,0.0899122807017543,0.49992514243813035,Medium,0.45868638426132025
06073005103,51.03,383.0,0.0,24125.0,0.4066073697585768,0.6360981902040624,High,0.49010102313820947
06073020712,207.12,328.0,0.0,135163.0,0.0235373234700739,0.4638633645868105,Medium,0.40744670712476494
06073005401,54.01,0.0,,185814.0,0.1370558375634517,,,
06073005601,56.01,116.0,0.0,58924.0,0.3387710712343665,0.564243358314142,Medium,0.4619073533818034
06073000302,3.02,41.0,0.0,89850.0,0.0445572476029328,0.4705976551294661,Medium,0.4235128672164137
06073001801,18.01,147.0,6.802721088435374,70682.0,0.0216919739696312,0.5000079832470508,Medium,0.13140480950369524
06073015002,150.02,416.0,0.0,59313.0,0.1383595691797846,0.5668837210460477,Medium,0.404084321370442
06073015001,150.01,309.0,0.0,79883.0,0.0269761606022584,0.4978446745912744,Medium,0.4082652877267881
06073014701,147.01,433.0,0.0,97788.0,0.0482573726541554,0.5108610438840067,Medium,0.43237092156131623
06073014702,147.02,516.0,0.0,115790.0,0.0562003665241295,0.502153089116782,Medium,0.44164081466624305
06073010201,102.01,655.0,0.0,108250.0,0.0394045534150612,0.5311091030640527,Medium,0.4516545809755164
06073020711,207.11,465.0,0.0,146250.0,0.0153846153846153,0.4763908206444766,Medium,0.4263789364626105
06073010202,102.02,404.0,0.0,103247.0,0.0281481481481481,0.502817021401817,Medium,0.4412705948435533
06073009307,93.07,82.0,0.0,114604.0,0.0466691757621377,0.45643751613233413,Medium,0.4789152251261164
06073021002,210.02,183.0,0.0,104274.0,0.0251256281407035,0.4991887230300589,Medium,0.3839178284950343
06073009203,92.03,209.0,4.784688995215311,128707.0,0.0,0.4446175864375942,Medium,0.14426951889336398
06073009204,92.04,456.0,0.0,163877.0,0.019345238095238,0.4574709808547525,Medium,0.4417717116346189
06073009308,93.08,355.0,0.0,87995.0,0.1043956043956044,0.5143152406862432,Medium,0.4495868475167297
06073007401,74.01,152.0,6.578947368421052,81477.0,0.0736022646850672,0.492016601337814,Medium,0.1550814837540432
06073007303,73.03,106.0,0.0,115000.0,0.0075921908893709,0.4670675518641363,Medium,0.38432785946911613
06073021401,214.01,378.0,2.6455026455026456,102350.0,0.0232712765957446,0.4873541977123786,Medium,0.21152475437257018
06073021501,215.01,948.0,3.1645569620253164,,0.0169218372280419,,,0.16605032315721593
06073021501,215.01,948.0,3.1645569620253164,,0.0169218372280419,,,0.16605032315721593
06073021501,215.01,948.0,3.1645569620253164,,0.0169218372280419,,,0.16605032315721593
06073005201,52.01,106.0,0.0,105271.0,0.1274842462433349,0.4850511895098708,Medium,0.4675727944113791
06073005403,54.03,50.0,80.0,140388.0,0.090032154340836,0.3504801700962109,Low,0.1710962148393576
06073005403,54.03,50.0,80.0,140388.0,0.090032154340836,0.3504801700962109,Low,0.1710962148393576
06073005403,54.03,50.0,80.0,140388.0,0.090032154340836,0.3504801700962109,Low,0.1710962148393576
06073005403,54.03,50.0,80.0,140388.0,0.090032154340836,0.3504801700962109,Low,0.1710962148393576
06073005402,54.02,49.0,20.40816326530612,131332.0,0.09935532802427,0.42715432139347026,Medium,0.20445071073531143
06073005301,53.01,142.0,0.0,74775.0,0.260253164556962,0.5364864200348031,Medium,0.5660011118535829
06073005802,58.02,0.0,,143182.0,0.0306236080178173,,,
06073005801,58.01,13.0,0.0,100909.0,0.1784565916398713,0.4871236506856754,Medium,0.421821770855012
06073004102,41.02,255.0,0.0,75000.0,0.0375586854460093,0.5243288902047789,Medium,0.45879370994870894
06073000902,9.02,108.0,0.0,83678.0,0.1579626047711154,0.5090206484537179,Medium,0.42689318304414864
06073004101,41.01,189.0,0.0,56931.0,0.0656966490299823,0.5107399329903853,Medium,0.46006108502624327
06073005202,52.02,19.0,0.0,58140.0,0.2879784688995215,0.536227615206406,Medium,0.4699085957458856
06073001202,12.02,91.0,0.0,102857.0,0.0482558139534883,0.4698040866586787,Medium,0.4385104926560206
06073000901,9.01,127.0,0.0,106133.0,0.1132447070408665,0.48122488752914827,Medium,0.442086253284271
06073019109,191.09,589.0,0.0,122083.0,0.0252491694352159,0.49850085208970624,Medium,0.4274950557779236
06073017111,171.11,278.0,0.0,195667.0,0.0,0.4120872098816125,Medium,0.398684912878157
06073017059,170.59,270.0,0.0,89516.0,0.0254027261462205,0.4945027219255717,Medium,0.3879965873546745
06073021402,214.02,260.0,0.0,97470.0,0.0394842868654311,0.49538032162828927,Medium,0.5120710448077523
06073020042,200.42,1030.0,0.0,110199.0,0.0467016929363689,0.5519249100979117,Medium,0.4321786365242085
06073017112,171.12,501.0,0.0,201667.0,0.0359281437125748,0.4834003281264647,Medium,0.3802721813364419
06073020031,200.31,1507.0,0.0,119681.0,0.0076404494382022,0.5367659781267493,Medium,0.46359504617570413
06073017113,171.13,1191.0,0.0,125595.0,0.0115638766519823,0.5272937503504639,Medium,0.4418979476842077
06073013323,133.23,1060.0,0.0,167715.0,0.0,0.46732423358334974,Medium,0.4364887547520616
06073020043,200.43,1002.0,0.0,189265.0,0.0572562358276644,0.4796503676000729,Medium,0.409254954275432
06073016618,166.18,330.0,0.0,100000.0,0.02735368956743,0.4942023982139162,Medium,0.37610874975607556
06073020110,201.10,1230.0,0.0,136468.0,0.0023584905660377,0.4847347656157041,Medium,0.46538655836625803
06073001802,18.02,95.0,21.052631578947366,82013.0,0.1147816349384098,0.47078278907842347,Medium,0.13923206068206198
06073001802,18.02,95.0,21.052631578947366,82013.0,0.1147816349384098,0.47078278907842347,Medium,0.13923206068206198
06073005302,53.02,128.0,15.625,86250.0,0.2644119907763259,0.5052996653121796,Medium,0.23994780805442573
06073005302,53.02,128.0,15.625,86250.0,0.2644119907763259,0.5052996653121796,Medium,0.23994780805442573
06073001302,13.02,155.0,12.903225806451612,83659.0,0.0378640776699029,0.4723339987994987,Medium,0.17413592411153136
06073001302,13.02,155.0,12.903225806451612,83659.0,0.0378640776699029,0.4723339987994987,Medium,0.17413592411153136
06073001201,12.01,139.0,0.0,68750.0,0.1261922230374174,0.5215140904489661,Medium,0.42437875199865643
06073021305,213.05,401.0,0.0,132475.0,0.0378378378378378,0.47871100878786943,Medium,0.40285398463445354
06073021101,211.01,595.0,0.0,59684.0,0.0118413262285375,0.534037670224486,Medium,0.46002193665143143
06073013322,133.22,903.0,0.0,166563.0,0.0,0.48933920878609427,Medium,0.42975842170663514
06073015706,157.06,334.0,0.0,33640.0,0.1672771672771672,0.5840441399099856,Medium,0.399465640512962
06073015705,157.05,531.0,0.0,60256.0,0.0368550368550368,0.5371095714721585,Medium,0.4182825330823359
06073015408,154.08,400.0,0.0,99673.0,0.0384336475707034,0.4990450068558934,Medium,0.4121483557522234
06073013425,134.25,379.0,0.0,188339.0,0.0,0.47208758904615533,Medium,0.3730815324807538
06073021001,210.01,30.0,0.0,59885.0,0.0415512465373961,0.4911220787780418,Medium,0.38215125890990437
06073013423,134.23,591.0,0.0,144375.0,0.0423076923076923,0.5048348584948622,Medium,0.40092314713295896
06073013320,133.20,1106.0,0.0,123000.0,0.0265306122448979,0.5087997197529597,Medium,0.41619205860542335
06073013424,134.24,979.0,0.0,160263.0,0.0116772823779193,0.47447269995503316,Medium,0.444210577061153
06073016403,164.03,940.0,0.0,81083.0,0.0947176684881603,0.5558678184264499,Medium,0.46144282419745175
06073020812,208.12,422.0,0.0,51121.0,0.0062344139650872,0.5658980406054329,Medium,0.4071158925229926
06073021102,211.02,369.0,0.0,52212.0,0.0459652706843718,0.5443914245303405,Medium,0.4037549842577405
06073010016,100.16,4.0,0.0,,,,,0.4007793318152545
06073013316,133.16,1154.0,0.0,141364.0,0.0320569902048085,0.4921684513445145,Medium,0.4508030196508857
06073019111,191.11,663.0,0.0,125366.0,0.0024650780608052,0.4961785943472231,Medium,0.4319681837134583
06073019110,191.10,706.0,0.0,130402.0,0.0136518771331058,0.49109832402306614,Medium,0.4325931848650089
06073013315,133.15,617.0,0.0,139476.0,0.0,0.49106527130055105,Medium,0.4013322318779875
06073018615,186.15,682.0,0.0,66580.0,0.0,0.5643850526718833,Medium,0.40966104412226545
06073020040,200.40,566.0,0.0,140746.0,0.0795684423465947,0.4972921754272439,Medium,0.39966601240555644
06073013608,136.08,430.0,0.0,84926.0,0.1586384071933204,0.5388885598803904,Medium,0.3938733357644359
06073013607,136.07,312.0,0.0,80885.0,0.0224119530416221,0.5251732702739238,Medium,0.3889398012138834
06073008202,82.02,14.0,285.7142857142857,105094.0,0.377845220030349,0.17594645860811547,Low,0.1240331359816654
06073008202,82.02,14.0,285.7142857142857,105094.0,0.377845220030349,0.17594645860811547,Low,0.1240331359816654
06073008202,82.02,14.0,285.7142857142857,105094.0,0.377845220030349,0.17594645860811547,Low,0.1240331359816654
06073008202,82.02,14.0,285.7142857142857,105094.0,0.377845220030349,0.17594645860811547,Low,0.1240331359816654
06073013422,134.22,732.0,0.0,149167.0,0.0157185628742514,0.49430456973097814,Medium,0.3973752288153599
06073017062,170.62,1011.0,0.9891196834817012,246078.0,0.008871989860583,0.439044801731174,Medium,0.19115748055420514
06073020310,203.10,1744.0,0.0,119141.0,0.0,0.5189196834223577,Medium,0.4687522769013621
06073017308,173.08,240.0,0.0,113239.0,0.0874558303886925,0.5029476886202032,Medium,0.4041157444256474
06073020311,203.11,165.0,0.0,108821.0,0.0783657066309444,0.47714185793269226,Medium,0.38207245770464704
06073017066,170.66,575.0,3.4782608695652177,197794.0,0.0067720090293453,0.42605416362041115,Medium,0.14686499026043645
06073017066,170.66,575.0,3.4782608695652177,197794.0,0.0067720090293453,0.42605416362041115,Medium,0.14686499026043645
06073019108,191.08,247.0,0.0,96621.0,0.0108173076923076,0.49905991849908565,Medium,0.421748393669627
06073013326,133.26,468.0,0.0,179425.0,0.0,0.4478464589676427,Medium,0.4186993385864797
06073022101,221.01,330.0,0.0,156678.0,0.0,0.473478220596663,Medium,0.5017602622752567
06073010019,100.19,377.0,5.305039787798409,131316.0,0.0,0.467074807130432,Medium,0.14626281516869577
06073010019,100.19,377.0,5.305039787798409,131316.0,0.0,0.467074807130432,Medium,0.14626281516869577
06073016703,167.03,402.0,0.0,107202.0,0.0231267345050878,0.5071104699847053,Medium,0.3746320777123185
06073020034,200.34,300.0,0.0,240587.0,0.0,0.4047456489713292,Medium,0.40027002492120844
06073016705,167.05,742.0,0.0,63523.0,0.1025081788440567,0.5599166623965659,Medium,0.43715539827418004
06073020312,203.12,453.0,0.0,111906.0,0.0553111250785669,0.49893431417177286,Medium,0.4084574240375477
06073020313,203.13,86.0,0.0,54900.0,0.0894378194207836,0.5116339740902974,Medium,0.4971299833838833
06073019210,192.10,955.0,0.0,74038.0,0.0097932535364526,0.5340541463819979,Medium,0.44715654312191583
06073020111,201.11,311.0,0.0,167534.0,0.0311787072243346,0.44442335751687967,Medium,0.3776276389112673
06073020039,200.39,336.0,0.0,152083.0,0.0,0.4853227853275273,Medium,0.3753924916341245
06073020044,200.44,1219.0,0.0,207500.0,0.0133067198935462,0.4354075805028785,Medium,0.42729256624142825
06073020036,200.36,461.0,0.0,71555.0,0.0192307692307692,0.5268109292091944,Medium,0.39876213659971027
06073016706,167.06,578.0,0.0,82200.0,0.0260869565217391,0.5536754501371313,Medium,0.42054472700323997
06073019305,193.05,277.0,0.0,76768.0,0.0481099656357388,0.5041277811968196,Medium,0.39137620264276507
06073019304,193.04,291.0,0.0,103207.0,0.0079155672823219,0.48621777344632855,Medium,0.3957616729084924
06073019209,192.09,414.0,0.0,141136.0,0.0333969465648854,0.48979346450698863,Medium,0.3959155395076653
06073020813,208.13,1151.0,0.0,115163.0,0.0082248115147361,0.5221718772814053,Medium,0.43908174925358756
06073016404,164.04,480.0,0.0,46737.0,0.1048565121412803,0.556774304263927,Medium,0.4256085303770264
06073016812,168.12,260.0,0.0,79861.0,0.0936708860759493,0.5216070403902928,Medium,0.3889751234518739
06073009109,91.09,2327.0,0.8594757198109153,177500.0,0.0,0.6952934407839136,High,0.31354456328769853
06073009109,91.09,2327.0,0.8594757198109153,177500.0,0.0,0.6952934407839136,High,0.31354456328769853
06073007402,74.02,222.0,4.504504504504505,131159.0,0.0386810399492707,0.4552846519389019,Medium,0.1722517525935687
06073016621,166.21,317.0,0.0,140250.0,0.0,0.45549011950293655,Medium,0.3790305503275624
06073016620,166.20,159.0,0.0,100000.0,0.013215859030837,0.47973245339631987,Medium,0.36780504353542237
06073016813,168.13,322.0,0.0,102813.0,0.0156521739130434,0.49261355685726693,Medium,0.40688003620233854
06073016704,167.04,1181.0,0.0,116711.0,0.0349877949552481,0.5125572391732847,Medium,0.45987657467039106
06073018805,188.05,677.0,0.0,135717.0,0.0290933694181326,0.5045367348663515,Medium,0.3897135233810442
06073016619,166.19,292.0,0.0,83976.0,0.0421621621621621,0.4961927294035148,Medium,0.3841922999448369
06073018804,188.04,352.0,0.0,126161.0,0.061105722599418,0.4743701840386551,Medium,0.3974997005827173
06073018620,186.20,369.0,0.0,83333.0,0.0132013201320132,0.5393319490892048,Medium,0.39849106031401493
06073018525,185.25,454.0,0.0,159688.0,0.0078515346181299,0.4593460806847791,Medium,0.40884589200295485
06073018524,185.24,527.0,0.0,89779.0,0.0304212168486739,0.5244207533449187,Medium,0.4238269473988278
06073018522,185.22,512.0,0.0,124119.0,0.0250976017847183,0.4817177383064891,Medium,0.519399316791106
06073017067,170.67,396.0,2.5252525252525255,223977.0,0.0417149478563151,0.42977689445583256,Medium,0.17030455314099477
06073019811,198.11,641.0,0.0,125000.0,0.028262676641729,0.4841838790538891,Medium,0.5146330097794104
06073018619,186.19,647.0,0.0,173072.0,0.0,0.4563649597182351,Medium,0.4094117456290202
06073018617,186.17,491.0,0.0,130500.0,0.0030364372469635,0.4928336211177384,Medium,0.42705123826399094
06073018618,186.18,512.0,0.0,76573.0,0.063343717549325,0.5332189137283283,Medium,0.40685412281926125
06073018622,186.22,644.0,0.0,75085.0,0.0835117773019272,0.5382649575368005,Medium,0.4467194933848749
06073017063,170.63,429.0,0.0,121015.0,0.0441458733205374,0.48633757529075605,Medium,0.4166448196230469
06073018520,185.20,611.0,0.0,93087.0,0.0290885585003232,0.5085423155460469,Medium,0.43051413907394576
06073018523,185.23,825.0,0.0,102065.0,0.043043043043043,0.5296951976735287,Medium,0.437686067150258
06073018521,185.21,857.0,0.0,110156.0,0.0661407766990291,0.5238578201921925,Medium,0.4877589147346766
06073017071,170.71,961.0,0.0,194196.0,0.0089335566722501,0.46315072312110805,Medium,0.46541893689199965
06073008381,83.81,188.0,0.0,202833.0,0.021780303030303,0.4071560762369935,Medium,0.4030714770088846
06073017060,170.60,230.0,0.0,121205.0,0.0264150943396226,0.47076210708211985,Medium,0.3713225940645798
06073017065,170.65,1287.0,0.0,192317.0,0.0245082231538213,0.44694843200356055,Medium,0.4303054524798214
06073017064,170.64,1799.0,0.0,208167.0,0.019538188277087,0.47150534918631104,Medium,0.457469795461392
06073017061,170.61,614.0,1.6286644951140066,160126.0,0.0417888563049853,0.49462896882491203,Medium,0.166758149055912
06073019810,198.10,1310.0,0.0,116750.0,0.0643607705779334,0.5363876819675591,Medium,0.48762532231991174
06073008376,83.76,685.0,0.0,120563.0,0.0105894811154253,0.4840332631670775,Medium,0.4896573469808205
06073008375,83.75,164.0,12.195121951219512,121607.0,0.0449747590637907,0.4447622477994553,Medium,0.1569602568714994
06073008375,83.75,164.0,12.195121951219512,121607.0,0.0449747590637907,0.4447622477994553,Medium,0.1569602568714994
06073017058,170.58,456.0,0.0,139076.0,0.0059108006448146,0.4698514719759908,Medium,0.43979300806545973
06073008372,83.72,742.0,1.3477088948787064,225481.0,0.0103626943005181,0.4458391114340121,Medium,0.16746115689128682
06073008374,83.74,857.0,2.333722287047841,,0.010126582278481,,,0.16438913055197105
06073008374,83.74,857.0,2.333722287047841,,0.010126582278481,,,0.16438913055197105
06073008369,83.69,472.0,4.237288135593221,168393.0,0.005078720162519,0.4430214745514773,Medium,0.1355568346383635
06073008369,83.69,472.0,4.237288135593221,168393.0,0.005078720162519,0.4430214745514773,Medium,0.1355568346383635
06073008370,83.70,447.0,4.47427293064877,156184.0,0.025830258302583,0.46180040793197497,Medium,0.13367638648858443
06073008370,83.70,447.0,4.47427293064877,156184.0,0.025830258302583,0.46180040793197497,Medium,0.13367638648858443
06073020041,200.41,212.0,0.0,79693.0,0.0107991360691144,0.4986366072668959,Medium,0.36288149306734563
06073020037,200.37,534.0,0.0,94222.0,0.0119760479041916,0.5085817733563027,Medium,0.42268814750392963
06073017406,174.06,220.0,0.0,161331.0,0.0886615515771526,0.457716470739569,Medium,0.37115092848257547
06073017405,174.05,651.0,0.0,138403.0,0.0137481910274963,0.48928543159487514,Medium,0.4014454010976539
06073017307,173.07,245.0,0.0,143417.0,0.0843964671246319,0.4857018789538671,Medium,0.4201095156768257
06073017408,174.08,168.0,0.0,119028.0,0.0176522506619594,0.46831155740107794,Medium,0.3681342275593099
06073017407,174.07,441.0,0.0,192468.0,0.0254041570438799,0.4498288085101989,Medium,0.39998271459056295
06073008378,83.78,26.0,38.46153846153847,73750.0,0.1356382978723404,0.4588630679885932,Medium,0.14516332259197134
06073017050,170.50,310.0,0.0,108424.0,0.0402355250245338,0.4967165125780817,Medium,0.4689248468277133
06073017053,170.53,570.0,0.0,210104.0,0.0,0.44163843436247296,Medium,0.40929516229114693
06073017813,178.13,653.0,0.0,132299.0,0.0245656081485919,0.49429427458329395,Medium,0.4403475000387036
06073990100,9901,0.0,,,,,,
06073017054,170.54,695.0,0.0,159044.0,0.0557526609224531,0.47180566584302974,Medium,0.4465626621159698
06073020028,200.28,862.0,0.0,58147.0,0.0754162585700293,0.594073119077637,Medium,0.427688004581428
06073010015,100.15,575.0,1.7391304347826089,129107.0,0.0220525869380831,0.48522934090415065,Medium,0.302546243884401
06073020810,208.10,720.0,0.0,134781.0,0.0,0.4875540492158212,Medium,0.39602522481013497
06073021900,219,399.0,0.0,42976.0,0.0965608465608465,0.5628245089185322,Medium,0.521637085225567
06073020026,200.26,496.0,0.0,122750.0,0.0046948356807511,0.48530339213305373,Medium,0.4224081921555968
06073013421,134.21,514.0,0.0,145000.0,0.0146379044684129,0.47539843474914856,Medium,0.42027460847413983
06073020811,208.11,967.0,0.0,134261.0,0.0199004975124378,0.5005162693802161,Medium,0.4068648017804495
06073021206,212.06,663.0,0.0,135000.0,0.0164644714038128,0.514345432175072,Medium,0.43905731409450577
06073017051,170.51,498.0,0.0,129468.0,0.0078813166434863,0.475444194892914,Medium,0.4245935903056948
06073017109,171.09,1120.0,0.0,237402.0,0.0,0.4320752642782898,Medium,0.4662453042439939
06073003103,31.03,691.0,2.894356005788712,99919.0,0.0528169014084507,0.502363647906639,Medium,0.24841492898812417
06073003103,31.03,691.0,2.894356005788712,99919.0,0.0528169014084507,0.502363647906639,Medium,0.24841492898812417
06073003105,31.05,453.0,2.207505518763797,108068.0,0.0065520065520065,0.4873007392776427,Medium,0.22368921537049286
06073019809,198.09,485.0,0.0,132650.0,0.0321406913280776,0.48233082270208605,Medium,0.4071827210897715
06073020029,200.29,985.0,0.0,71301.0,0.0859835100117785,0.5475099995146582,Medium,0.5259710736912845
06073020309,203.09,683.0,0.0,107313.0,0.0,0.510953432356246,Medium,0.4407082069887093
06073021205,212.05,900.0,0.0,96402.0,0.0433789954337899,0.5145097128921908,Medium,0.44935736675871424
06073000400,4,91.0,0.0,89565.0,0.1355121562375448,0.49259250961884354,Medium,0.4615579153460237
06073000500,5,161.0,6.211180124223602,101875.0,0.0884223918575063,0.4823239834399485,Medium,0.15055621879358072
06073000600,6,56.0,0.0,99161.0,0.0926024481106971,0.4756489677874506,Medium,0.432023627631189
06073002902,29.02,410.0,2.4390243902439024,75729.0,0.0560494781600309,0.5032105788482512,Medium,0.21264776194732543
06073002903,29.03,232.0,4.310344827586206,93344.0,0.0571608040201005,0.481308042037718,Medium,0.18388568368921243
06073019903,199.03,661.0,0.0,105089.0,0.0033783783783783,0.5061936903360674,Medium,0.41936558299838184
06073000800,8,107.0,0.0,92348.0,0.0479641131815044,0.4726143749450967,Medium,0.4356684477998977
06073017022,170.22,655.0,3.0534351145038165,129265.0,0.0458295142071494,0.4858126215696527,Medium,0.20107660109498346
06073017022,170.22,655.0,3.0534351145038165,129265.0,0.0458295142071494,0.4858126215696527,Medium,0.20107660109498346
06073009901,99.01,52.0,0.0,,0.0,,,0.42593838133771333
06073017045,170.45,412.0,2.4271844660194173,228250.0,0.0100376411543287,0.4399159819479105,Medium,0.13782934540770522
06073013503,135.03,886.0,0.0,99470.0,0.0178571428571428,0.5170460173306908,Medium,0.4482120222389735
06073020017,200.17,470.0,0.0,62702.0,0.085,0.5554774366616477,Medium,0.4546327100698153
06073015403,154.03,349.0,0.0,156635.0,0.025791324736225,0.47189745705174985,Medium,0.3736709114577025
06073010103,101.03,789.0,0.0,57500.0,0.0741733690795353,0.5444040132334421,Medium,0.5038511509971217
06073018504,185.04,599.0,0.0,82279.0,0.010752688172043,0.5013526360761114,Medium,0.494135921178489
06073020801,208.01,713.0,0.0,155556.0,0.0,0.47023102891905777,Medium,0.4144006340633816
06073018608,186.08,387.0,0.0,127315.0,0.0199203187250996,0.48490370140187034,Medium,0.4138214717754921
06073005900,59,68.0,0.0,87813.0,0.195495927168184,0.5053496869188343,Medium,0.4396780422772537
06073020500,205,593.0,0.0,76989.0,0.0432588320115356,0.5308676965813217,Medium,0.4608849820012019
06073019001,190.01,651.0,0.0,128244.0,0.0433017591339648,0.4819315531457246,Medium,0.38815333725591905
06073009505,95.05,497.0,10.060362173038229,111890.0,0.0,0.46350516538783604,Medium,0.15203550639511854
06073009505,95.05,497.0,10.060362173038229,111890.0,0.0,0.46350516538783604,Medium,0.15203550639511854
06073009505,95.05,497.0,10.060362173038229,111890.0,0.0,0.46350516538783604,Medium,0.15203550639511854
06073009505,95.05,497.0,10.060362173038229,111890.0,0.0,0.46350516538783604,Medium,0.15203550639511854
06073009505,95.05,497.0,10.060362173038229,111890.0,0.0,0.46350516538783604,Medium,0.15203550639511854
06073003208,32.08,990.0,1.0101010101010102,82594.0,0.0580994583948793,0.5347503328215901,Medium,0.23039303778836376
06073013414,134.14,1074.0,0.0,143600.0,0.0320538187574198,0.48745372188778713,Medium,0.4273873241786165
06073013415,134.15,210.0,0.0,160804.0,0.0432989690721649,0.4773812342347861,Medium,0.3959628574851362
06073013416,134.16,576.0,0.0,122210.0,0.0,0.49058057773184227,Medium,0.4282518946303697
06073013417,134.17,260.0,0.0,152700.0,0.0240963855421686,0.47083665191732127,Medium,0.3776166203295625
06073013418,134.18,976.0,0.0,82440.0,0.028310502283105,0.5386120353585666,Medium,0.419099689300727
06073018517,185.17,494.0,0.0,90478.0,0.0350584307178631,0.5157652964716681,Medium,0.41837030881259507
06073018518,185.18,440.0,0.0,103317.0,0.0731158605174353,0.5189071700395508,Medium,0.4223590367768749
06073018519,185.19,992.0,0.0,79851.0,0.032774945375091,0.5408843775638159,Medium,0.4796455627698904
06073018601,186.01,666.0,0.0,116842.0,0.0111265646731571,0.5019665802258124,Medium,0.39264668349781007
06073008303,83.03,301.0,3.3222591362126246,227275.0,0.0107115531752104,0.404171025965325,Medium,0.15449923695263776
06073006200,62,8.0,0.0,,,,,0.4193264415102787
06073012200,122,572.0,0.0,60500.0,0.0248380129589632,0.5546332529599456,Medium,0.42468997680494824
06073020706,207.06,815.0,0.0,181521.0,0.0340747752011358,0.45877238505319107,Medium,0.42855835237242546
06073000700,7,25.0,0.0,109484.0,0.100502512562814,0.46490411733788295,Medium,0.42123087522758146
06073013505,135.05,795.0,0.0,122422.0,0.0350877192982456,0.4987943207836352,Medium,0.45495131555802776
06073013506,135.06,836.0,0.0,102031.0,0.0,0.5314316378554388,Medium,0.4471055064045702
06073013604,136.04,685.0,0.0,103606.0,0.0181451612903225,0.498842442876361,Medium,0.40696156427877983
06073013802,138.02,551.0,0.0,79583.0,0.032183908045977,0.5425415511991118,Medium,0.4084013021328845
06073018609,186.09,911.0,0.0,83807.0,0.084514721919302,0.5388117750308101,Medium,0.4301896520785246
06073001000,10,308.0,0.0,86443.0,0.0649250864387245,0.49988987096632903,Medium,0.5194651861883923
06073001100,11,108.0,0.0,94007.0,0.032451923076923,0.4752660867076904,Medium,0.43757298346762213
06073019406,194.06,412.0,0.0,83590.0,0.0841346153846153,0.5143335824961228,Medium,0.4028779671677686
06073001400,14,105.0,9.523809523809526,94156.0,0.074904319300164,0.46967258963224995,Medium,0.15251410620588482
06073001500,15,191.0,0.0,110380.0,0.0323395654370894,0.469318990095549,Medium,0.4364384593592252
06073013905,139.05,566.0,0.0,127019.0,0.0,0.4823769917993633,Medium,0.39478173987722787
06073013907,139.07,421.0,0.0,59621.0,0.0412621359223301,0.5335760881264544,Medium,0.3950074937124561
06073013908,139.08,537.0,0.0,87188.0,0.0631399317406143,0.5265927959277745,Medium,0.4264909424994625
06073013909,139.09,542.0,0.0,96767.0,0.0567656765676567,0.5107083841081007,Medium,0.40789490718871935
06073014001,140.01,407.0,0.0,78529.0,0.0347222222222222,0.5051785858661042,Medium,0.424091915999999
06073019206,192.06,979.0,0.0,97939.0,0.0352941176470588,0.5298680426685694,Medium,0.47532847181159327
06073019404,194.04,566.0,0.0,79896.0,0.0604113110539845,0.5506569332856934,Medium,0.4333021798438803
06073019405,194.05,382.0,0.0,76382.0,0.0479351032448377,0.5161855003975699,Medium,0.41182371719547134
06073001700,17,663.0,0.0,90404.0,0.0441237113402061,0.5236140904189877,Medium,0.4711478856036669
06073014002,140.02,659.0,0.0,77500.0,0.0661641541038526,0.5466169808014639,Medium,0.46759446261287835
06073014101,141.01,273.0,0.0,98750.0,0.0476190476190476,0.4884465146771922,Medium,0.4225986131320427
06073014102,141.02,679.0,1.4727540500736376,103617.0,0.0434782608695652,0.5409668558437237,Medium,0.21899634035845394
06073014200,142,919.0,0.0,104693.0,0.0106530801296896,0.503445656792621,Medium,0.4657874460795514
06073014601,146.01,561.0,0.0,71667.0,0.1511324041811846,0.5479667710952887,Medium,0.4353602308328055
06073015704,157.04,640.0,0.0,47750.0,0.087290502793296,0.5604173924698276,Medium,0.45120614965877454
06073019501,195.01,525.0,0.0,82750.0,0.1003717472118959,0.5467833355083425,Medium,0.43805910738456066
06073001600,16,405.0,2.4691358024691357,63003.0,0.0916703393565447,0.523857406455197,Medium,0.20862226606710135
06073019502,195.02,1379.0,0.0,60078.0,0.0788623141564318,0.5962461159176633,Medium,0.4880118134869592
06073019804,198.04,737.0,0.0,148618.0,0.0064724919093851,0.4895624127095542,Medium,0.4415411088918353
06073019805,198.05,416.0,0.0,87266.0,0.1100733822548365,0.5234115177952523,Medium,0.44061801897916875
06073017810,178.10,534.0,0.0,145188.0,0.0163853028798411,0.46813010152865686,Medium,0.4189743746728993
06073021302,213.02,989.0,0.0,127074.0,0.0055020632737276,0.49547593930328837,Medium,0.4232520369124351
06073009504,95.04,787.0,2.5412960609911055,,0.0131348511383537,,,0.17702143400000286
06073009504,95.04,787.0,2.5412960609911055,,0.0131348511383537,,,0.17702143400000286
06073019205,192.05,930.0,0.0,62459.0,0.0819338422391857,0.5571814479486396,Medium,0.47781520700496427
06073017041,170.41,591.0,0.0,141361.0,0.0101010101010101,0.4679677873041306,Medium,0.44739777839890155
06073020903,209.03,230.0,0.0,69831.0,0.0326633165829145,0.5083130193969732,Medium,0.3905583051908495
06073008347,83.47,558.0,5.376344086021506,145714.0,0.0143564356435643,0.45036119424618026,Medium,0.16033646548153918
06073008347,83.47,558.0,5.376344086021506,145714.0,0.0143564356435643,0.45036119424618026,Medium,0.16033646548153918
06073008347,83.47,558.0,5.376344086021506,145714.0,0.0143564356435643,0.45036119424618026,Medium,0.16033646548153918
06073014300,143,777.0,0.0,87547.0,0.0330514988470407,0.5387774942999806,Medium,0.4419948175312822
06073014300,143,777.0,0.0,87547.0,0.0330514988470407,0.5387774942999806,Medium,0.4419948175312822
06073014500,145,739.0,0.0,81058.0,0.0162429378531073,0.5448497800628013,Medium,0.4565728471741149
06073014804,148.04,348.0,0.0,82625.0,0.031031031031031,0.5020720538367485,Medium,0.4211849870430816
06073010800,108,412.0,0.0,132000.0,0.0377155172413793,0.5071632034388047,Medium,0.41317865693925043
06073008902,89.02,61.0,16.393442622950822,104558.0,0.0325162581290645,0.43968590265339685,Medium,0.2180681457746782
06073007100,71,217.0,23.041474654377883,148464.0,0.0205643232902917,0.41385426700657446,Medium,0.1837255016674919
06073007100,71,217.0,23.041474654377883,148464.0,0.0205643232902917,0.41385426700657446,Medium,0.1837255016674919
06073007100,71,217.0,23.041474654377883,148464.0,0.0205643232902917,0.41385426700657446,Medium,0.1837255016674919
06073007100,71,217.0,23.041474654377883,148464.0,0.0205643232902917,0.41385426700657446,Medium,0.1837255016674919
06073007100,71,217.0,23.041474654377883,148464.0,0.0205643232902917,0.41385426700657446,Medium,0.1837255016674919
06073006802,68.02,299.0,0.0,89634.0,0.1006931776723823,0.4975073434516657,Medium,0.45256197295919315
06073020023,200.23,350.0,0.0,102574.0,0.0,0.48457177505967297,Medium,0.40317648518304616
06073018803,188.03,639.0,0.0,101161.0,0.0184481823114487,0.510874051459375,Medium,0.40185798013365964
06073013701,137.01,280.0,0.0,120464.0,0.1053837342497136,0.5069255742580403,Medium,0.3966851725260833
06073020904,209.04,193.0,0.0,82990.0,0.0007849293563579,0.49318162645162505,Medium,0.3828755450980987
06073016806,168.06,520.0,0.0,83060.0,0.0245587106676899,0.5193628289804381,Medium,0.4082251540475406
06073019602,196.02,1119.0,0.0,110625.0,0.0850030358227079,0.5413917260068114,Medium,0.4514351819606715
06073019203,192.03,363.0,0.0,138000.0,0.0119331742243436,0.48202826614501953,Medium,0.4089214874168108
06073021204,212.04,509.0,0.0,138061.0,0.0073221757322175,0.4617758527811034,Medium,0.4086944163879385
06073003207,32.07,308.0,0.0,109704.0,0.0105448154657293,0.4675277292265628,Medium,0.4425731960742511
06073019107,191.07,362.0,0.0,159375.0,0.0410526315789473,0.4690425135035476,Medium,0.37866300295760247
06073015802,158.02,522.0,0.0,62292.0,0.1386811692726036,0.5551062195230841,Medium,0.44146029337656995
06073005000,50,254.0,3.937007874015748,39050.0,0.2589820359281437,0.5951980330840799,Medium,0.21269231953380321
06073014803,148.03,488.0,0.0,72500.0,0.0993500464252553,0.5347853006616559,Medium,0.41865415025161234
06073003003,30.03,615.0,0.0,84622.0,0.0195337114051669,0.5173924727207585,Medium,0.4986255043233654
06073013702,137.02,832.0,0.0,92566.0,0.0,0.520634411370755,Medium,0.4401085186847364
06073017106,171.06,574.0,0.0,242625.0,0.0070332480818414,0.4114578466285313,Medium,0.41942594075740336
06073016902,169.02,241.0,0.0,116250.0,0.0039370078740157,0.4823499869999681,Medium,0.36489900434674355
06073017010,170.10,375.0,0.0,201875.0,0.0093555093555093,0.43516634320262904,Medium,0.3746512608300796
06073016811,168.11,523.0,0.0,120107.0,0.0529761904761904,0.493478192261725,Medium,0.4241298291919157
06073020708,207.08,342.0,0.0,162688.0,0.0393215111796453,0.45388520919293784,Medium,0.39820684686781976
06073008313,83.13,315.0,3.1746031746031744,242083.0,0.0482673267326732,0.42042533479207256,Medium,0.15756511848228472
06073018700,187,5984.0,0.0,62998.0,0.012728832951945,0.540650794724953,Medium,0.8644017439574876
06073019701,197.01,1243.0,0.0,90234.0,0.0209683568433091,0.5329255109117937,Medium,0.4818611480513953
06073020405,204.05,440.0,0.0,154018.0,0.0,0.46821189813819186,Medium,0.3860728046604839
06073013906,139.06,668.0,0.0,70833.0,0.0972716488730723,0.5458156186851207,Medium,0.4315896037133619
06073006801,68.01,109.0,0.0,90531.0,0.0503505417463352,0.47958062474454316,Medium,0.419427064854713
06073009802,98.02,680.0,4.411764705882353,107429.0,0.0272052761747732,0.48588704468626026,Medium,0.18491043913713406
06073009802,98.02,680.0,4.411764705882353,107429.0,0.0272052761747732,0.48588704468626026,Medium,0.18491043913713406
06073009802,98.02,680.0,4.411764705882353,107429.0,0.0272052761747732,0.48588704468626026,Medium,0.18491043913713406
06073018801,188.01,400.0,0.0,101625.0,0.0120481927710843,0.5004675411639725,Medium,0.39492152960692817
06073002301,23.01,177.0,0.0,76884.0,0.1085594989561586,0.5102202820325,Medium,0.4044122339579159
06073002302,23.02,430.0,0.0,46806.0,0.2794695481335952,0.5724023576416686,Medium,0.4601862647652764
06073002401,24.01,565.0,5.3097345132743365,75813.0,0.0803897685749086,0.5316783034052582,Medium,0.18939604007545943
06073002401,24.01,565.0,5.3097345132743365,75813.0,0.0803897685749086,0.5316783034052582,Medium,0.18939604007545943
06073002401,24.01,565.0,5.3097345132743365,75813.0,0.0803897685749086,0.5316783034052582,Medium,0.18939604007545943
06073002402,24.02,750.0,2.6666666666666665,54944.0,0.1673375503162737,0.575343752770467,Medium,0.22247093730153616
06073002402,24.02,750.0,2.6666666666666665,54944.0,0.1673375503162737,0.575343752770467,Medium,0.22247093730153616
06073002501,25.01,857.0,1.1668611435239205,76208.0,0.1127982646420824,0.5624425207132852,Medium,0.22585412670871058
06073002705,27.05,429.0,2.331002331002331,75703.0,0.071334214002642,0.5158365615459453,Medium,0.19472894722900186
06073002707,27.07,703.0,0.0,45529.0,0.1425855513307984,0.5755285788395887,Medium,0.4561386263760418
06073002708,27.08,721.0,2.7739251040221915,41119.0,0.2075675675675675,0.5921960259593406,Medium,0.21673101752349203
06073002708,27.08,721.0,2.7739251040221915,41119.0,0.2075675675675675,0.5921960259593406,Medium,0.21673101752349203
06073002709,27.09,546.0,0.0,53520.0,0.1477079796264855,0.5722498524776691,Medium,0.46802245058141834
06073003114,31.14,367.0,2.7247956403269753,110081.0,0.0302013422818791,0.4905126817417202,Medium,0.17302340258889143
06073003115,31.15,548.0,0.0,85156.0,0.1601208459214501,0.5332960011828398,Medium,0.4980477711934851
06073014400,144,599.0,0.0,46250.0,0.1187683284457478,0.5675671843057485,Medium,0.4566498052942808
06073001900,19,139.0,14.388489208633096,131619.0,0.0792015453960077,0.4436756340026764,Medium,0.16578121253478167
06073001900,19,139.0,14.388489208633096,131619.0,0.0792015453960077,0.4436756340026764,Medium,0.16578121253478167
06073002001,20.01,292.0,0.0,188306.0,0.0092348284960422,0.4265507519143991,Medium,0.4749878097535704
06073009509,95.09,513.0,1.949317738791423,105272.0,0.066745190420102,0.49501489290711814,Medium,0.19875306000512155
06073010012,100.12,604.0,0.0,86111.0,0.1505728314238952,0.5453437413523556,Medium,0.4724516047915966
06073011902,119.02,667.0,0.0,76685.0,0.1589403973509933,0.5436144073680199,Medium,0.48664380831890397
06073012401,124.01,429.0,0.0,81538.0,0.0469283276450511,0.5298765155492879,Medium,0.4454636254214705
06073013903,139.03,604.0,0.0,128289.0,0.1073211314475873,0.5180335658222963,Medium,0.4304410157491753
06073015200,152,342.0,0.0,154196.0,0.0131670131670131,0.45238757833028215,Medium,0.3802415705033472
06073015301,153.01,476.0,0.0,61282.0,0.0799289520426287,0.5486010042789984,Medium,0.40814225577513835
06073015405,154.05,838.0,0.0,137048.0,0.0406779661016949,0.49637803506053757,Medium,0.41960741841369287
06073017046,170.46,426.0,7.042253521126761,174526.0,0.0057102069950035,0.4389589303755921,Medium,0.14398178740042655
06073017046,170.46,426.0,7.042253521126761,174526.0,0.0057102069950035,0.4389589303755921,Medium,0.14398178740042655
06073017046,170.46,426.0,7.042253521126761,174526.0,0.0057102069950035,0.4389589303755921,Medium,0.14398178740042655
06073016809,168.09,951.0,0.0,82206.0,0.1023359288097886,0.555986039230937,Medium,0.47968830670381474
06073016901,169.01,875.0,0.0,119669.0,0.0567942785023138,0.4995156050255554,Medium,0.42351581749058004
06073017044,170.44,942.0,7.43099787685775,197917.0,0.0132978723404255,0.4495713206853016,Medium,0.15962351023137528
06073017044,170.44,942.0,7.43099787685775,197917.0,0.0132978723404255,0.4495713206853016,Medium,0.15962351023137528
06073017044,170.44,942.0,7.43099787685775,197917.0,0.0132978723404255,0.4495713206853016,Medium,0.15962351023137528
06073017044,170.44,942.0,7.43099787685775,197917.0,0.0132978723404255,0.4495713206853016,Medium,0.15962351023137528
06073017044,170.44,942.0,7.43099787685775,197917.0,0.0132978723404255,0.4495713206853016,Medium,0.15962351023137528
06073017044,170.44,942.0,7.43099787685775,197917.0,0.0132978723404255,0.4495713206853016,Medium,0.15962351023137528
06073017044,170.44,942.0,7.43099787685775,197917.0,0.0132978723404255,0.4495713206853016,Medium,0.15962351023137528
06073017049,170.49,313.0,0.0,107917.0,0.0585683297180043,0.503889741819246,Medium,0.3943735714147503
06073008310,83.10,587.0,0.0,153897.0,0.0313152400835073,0.45946251354965356,Medium,0.42320774913502346
06073020025,200.25,779.0,0.0,86080.0,0.0128824476650563,0.5240348028721818,Medium,0.4247996070682021
06073020106,201.06,479.0,0.0,93509.0,0.0277280858676207,0.5145802790444741,Medium,0.42510619496274304
06073015406,154.06,319.0,0.0,153583.0,0.0072551390568319,0.4668236440669052,Medium,0.36939338603409183
06073015100,151,689.0,0.0,99000.0,0.0180586907449209,0.5137869981440858,Medium,0.4051642606767938
06073016608,166.08,356.0,0.0,133092.0,0.0250312891113892,0.4899571726059746,Medium,0.3790340583329409
06073020021,200.21,1003.0,0.0,83706.0,0.0366524129505192,0.5496828034744691,Medium,0.45557254431601274
06073020024,200.24,337.0,0.0,85714.0,0.132051282051282,0.5197057107749388,Medium,0.3828395322743278
06073009103,91.03,285.0,3.5087719298245617,153807.0,0.043613707165109,0.4467772791183232,Medium,0.15482036512952288
06073008328,83.28,1744.0,0.573394495412844,,0.0204482894219425,,,0.2538765158497137
06073006500,65,135.0,22.22222222222222,69057.0,0.3249686323713927,0.52394810525129,Medium,0.24327062060966292
06073006500,65,135.0,22.22222222222222,69057.0,0.3249686323713927,0.52394810525129,Medium,0.24327062060966292
06073006500,65,135.0,22.22222222222222,69057.0,0.3249686323713927,0.52394810525129,Medium,0.24327062060966292
06073008305,83.05,4220.0,0.0,41776.0,0.2559139784946236,0.777773657385466,High,0.7586687750480401
06073004501,45.01,99.0,0.0,77444.0,0.1171465968586387,0.5025231070558399,Medium,0.43189510379863383
06073003204,32.04,386.0,0.0,118750.0,0.0588235294117647,0.4944454783063166,Medium,0.44482807588097656
06073016609,166.09,733.0,0.0,122873.0,0.0406947890818858,0.49518902422284505,Medium,0.40856398580083425
06073020108,201.08,527.0,0.0,66250.0,0.0611183355006502,0.5325340953728575,Medium,0.440485466476311
06073020109,201.09,637.0,0.0,102381.0,0.0571428571428571,0.5139795833120111,Medium,0.4433137904414965
06073020202,202.02,1328.0,0.0,47669.0,0.0866359447004608,0.5865657635875119,Medium,0.5017229293586364
06073020206,202.06,889.0,0.0,71071.0,0.0379939209726443,0.5512233447668933,Medium,0.4437665303329298
06073020207,202.07,816.0,0.0,61950.0,0.2308733920108327,0.5925480727486228,Medium,0.45028083247977196
06073013504,135.04,528.0,0.0,138304.0,0.0076394194041252,0.4819787262457464,Medium,0.41138577636815005
06073013605,136.05,825.0,0.0,157344.0,0.0155555555555555,0.470235510026077,Medium,0.41755977399907585
06073020015,200.15,806.0,0.0,185121.0,0.0081190798376184,0.4531514384995537,Medium,0.4334039678564877
06073009706,97.06,890.0,2.247191011235955,138617.0,0.0336993563044301,0.4804658482344925,Medium,0.2257782125971064
06073009706,97.06,890.0,2.247191011235955,138617.0,0.0336993563044301,0.4804658482344925,Medium,0.2257782125971064
06073019702,197.02,652.0,0.0,101607.0,0.0141116100064143,0.5082293610215478,Medium,0.43839661083700354
06073019601,196.01,1020.0,0.0,112981.0,0.0359508041627246,0.5116388507938313,Medium,0.45990035221763104
06073017047,170.47,933.0,2.1436227224008575,180729.0,0.0177281680892974,0.4853766848908867,Medium,0.1700532520071039
06073017047,170.47,933.0,2.1436227224008575,180729.0,0.0177281680892974,0.4853766848908867,Medium,0.1700532520071039
06073009704,97.04,732.0,2.73224043715847,114712.0,0.0251183108846013,0.4888521032178672,Medium,0.17112513278336786
06073009704,97.04,732.0,2.73224043715847,114712.0,0.0251183108846013,0.4888521032178672,Medium,0.17112513278336786
06073015501,155.01,834.0,0.0,111364.0,0.0102370689655172,0.5080519139512762,Medium,0.4529883717420432
06073019303,193.03,864.0,0.0,124338.0,0.0275400074432452,0.48199188690977923,Medium,0.4596488513498562
06073019208,192.08,269.0,0.0,132891.0,0.0267011197243755,0.46365066595236004,Medium,0.3660828628079939
06073020807,208.07,475.0,0.0,126486.0,0.0,0.49478688411427074,Medium,0.3996159502659781
06073020902,209.02,282.0,0.0,111304.0,0.0079006772009029,0.4964797464108056,Medium,0.3774465856292425
06073003401,34.01,308.0,6.493506493506494,78026.0,0.087857847976308,0.49634002380079767,Medium,0.1857023166761288
06073003401,34.01,308.0,6.493506493506494,78026.0,0.087857847976308,0.49634002380079767,Medium,0.1857023166761288
06073017033,170.33,815.0,3.6809815950920246,170805.0,0.0,0.4583797915853334,Medium,0.17109209303512535
06073017033,170.33,815.0,3.6809815950920246,170805.0,0.0,0.4583797915853334,Medium,0.17109209303512535
06073017033,170.33,815.0,3.6809815950920246,170805.0,0.0,0.4583797915853334,Medium,0.17109209303512535
06073017033,170.33,815.0,3.6809815950920246,170805.0,0.0,0.4583797915853334,Medium,0.17109209303512535
06073017033,170.33,815.0,3.6809815950920246,170805.0,0.0,0.4583797915853334,Medium,0.17109209303512535
06073017033,170.33,815.0,3.6809815950920246,170805.0,0.0,0.4583797915853334,Medium,0.17109209303512535
06073020305,203.05,458.0,0.0,108814.0,0.044434857635893,0.48597074819549835,Medium,0.44530418270792665
06073020710,207.10,108.0,0.0,152656.0,0.0358890701468189,0.44699231904841136,Medium,0.4034148324159933
06073009502,95.02,239.0,8.368200836820083,137218.0,0.0056710775047258,0.43963635267212486,Medium,0.1501338569247417
06073009502,95.02,239.0,8.368200836820083,137218.0,0.0056710775047258,0.43963635267212486,Medium,0.1501338569247417
06073002601,26.01,758.0,2.638522427440633,65000.0,0.0844327176781002,0.5411030399528536,Medium,0.2177117666803252
06073002601,26.01,758.0,2.638522427440633,65000.0,0.0844327176781002,0.5411030399528536,Medium,0.2177117666803252
06073002702,27.02,796.0,0.0,80090.0,0.0980290456431535,0.5441428664309017,Medium,0.5552820396550073
06073002602,26.02,771.0,0.0,58417.0,0.0802060338484179,0.5649965743423134,Medium,0.5036842552164279
06073008311,83.11,333.0,0.0,,0.006578947368421,,,0.46042706370047526
06073002710,27.10,620.0,3.225806451612903,58636.0,0.1126373626373626,0.5641146360710358,Medium,0.1913111727805486
06073002710,27.10,620.0,3.225806451612903,58636.0,0.1126373626373626,0.5641146360710358,Medium,0.1913111727805486
06073002801,28.01,2630.0,0.0,73795.0,0.0931458699472759,0.7408922578444863,High,0.5811560723215781
06073002905,29.05,437.0,0.0,74500.0,0.0646506777893639,0.5147260489938817,Medium,0.4429327758190852
06073003201,32.01,680.0,2.941176470588235,93508.0,0.0184818481848184,0.5071640134819718,Medium,0.2011629593810445
06073003201,32.01,680.0,2.941176470588235,93508.0,0.0184818481848184,0.5071640134819718,Medium,0.2011629593810445
06073003202,32.02,607.0,0.0,91435.0,0.0356865787432117,0.5156954472649742,Medium,0.42150723720620276
06073020019,200.19,948.0,0.0,74026.0,0.0692699490662139,0.5367158322130706,Medium,0.462998237112165
06073010005,100.05,555.0,3.603603603603604,35503.0,0.1651254953764861,0.5584348728714739,Medium,0.20607834145854004
06073010005,100.05,555.0,3.603603603603604,35503.0,0.1651254953764861,0.5584348728714739,Medium,0.20607834145854004
06073015602,156.02,463.0,0.0,152917.0,0.0432632880098887,0.4947747307765865,Medium,0.39054833461527433
06073019103,191.03,567.0,0.0,115254.0,0.0074183976261127,0.4815442226260646,Medium,0.3941510708108765
06073013801,138.01,629.0,0.0,82404.0,0.0916620651573716,0.5285528916554193,Medium,0.4354395197889627
06073008346,83.46,321.0,3.115264797507788,177386.0,0.0121716848174247,0.4278956104782085,Medium,0.24561337847031603
06073020105,201.05,695.0,0.0,113875.0,0.0971685971685971,0.5278501777633666,Medium,0.44845684781352013
06073016807,168.07,1136.0,0.0,116955.0,0.0251312828207051,0.5024680639256562,Medium,0.48343402518950485
06073018904,189.04,846.0,0.0,71307.0,0.0507853403141361,0.5346485385871533,Medium,0.41561555592156757
06073009400,94,1101.0,0.0,86774.0,0.0,0.5635298024811817,Medium,0.49380071363400596
06073008324,83.24,710.0,1.4084507042253522,194130.0,0.0133600534402137,0.429148503290239,Medium,0.1806870702826585
06073008312,83.12,469.0,10.66098081023454,140463.0,0.0070921985815602,0.46291101596414175,Medium,0.2412768996720994
06073008312,83.12,469.0,10.66098081023454,140463.0,0.0070921985815602,0.46291101596414175,Medium,0.2412768996720994
06073008312,83.12,469.0,10.66098081023454,140463.0,0.0070921985815602,0.46291101596414175,Medium,0.2412768996720994
06073008312,83.12,469.0,10.66098081023454,140463.0,0.0070921985815602,0.46291101596414175,Medium,0.2412768996720994
06073008312,83.12,469.0,10.66098081023454,140463.0,0.0070921985815602,0.46291101596414175,Medium,0.2412768996720994
06073017403,174.03,398.0,0.0,151518.0,0.0296139608672659,0.4597746404633195,Medium,0.40997049806062236
06073016616,166.16,563.0,0.0,75469.0,0.0236559139784946,0.5368579036464871,Medium,0.40627129532601874
06073002002,20.02,174.0,0.0,166605.0,0.0368744512730465,0.43994042773388736,Medium,0.4154998007954513
06073002100,21,747.0,1.3386880856760377,76648.0,0.0415730337078651,0.5273160057397471,Medium,0.24111953047479343
06073019902,199.02,448.0,0.0,82206.0,0.0,0.5068276867388891,Medium,0.4318891964257612
06073002201,22.01,383.0,0.0,40647.0,0.159298245614035,0.5737287799256647,Medium,0.5009333807989468
06073002202,22.02,870.0,2.2988505747126435,53537.0,0.2640931372549019,0.6086500842584613,High,0.2546443371202207
06073002202,22.02,870.0,2.2988505747126435,53537.0,0.2640931372549019,0.6086500842584613,High,0.2546443371202207
06073018511,185.11,354.0,0.0,75356.0,0.0218900160170848,0.5048406371288526,Medium,0.45120973189537017
06073018516,185.16,446.0,0.0,107440.0,0.0190930787589498,0.4965982881968225,Medium,0.42626321613070783
06073018903,189.03,742.0,0.0,73750.0,0.0332929782082324,0.5286526743568938,Medium,0.40595487688595727
06073018905,189.05,622.0,0.0,78975.0,0.0752864157119476,0.5224314018169409,Medium,0.40787574773186885
06073018906,189.06,875.0,0.0,76410.0,0.046801872074883,0.5339119272575936,Medium,0.42446831061895846
06073019105,191.05,643.0,0.0,118636.0,0.0232383808095952,0.48335164343250875,Medium,0.4022286654915247
06073019301,193.01,651.0,0.0,112750.0,0.0198763250883392,0.4886645866813735,Medium,0.42038829121769067
06073019403,194.03,573.0,0.0,100227.0,0.020855614973262,0.4982182595642878,Medium,0.44263973910650817
06073019904,199.04,455.0,0.0,104458.0,0.0335429769392033,0.4861860838560202,Medium,0.42691592954712637
06073019905,199.05,650.0,0.0,107944.0,0.0,0.49480258920783404,Medium,0.4365442079457922
06073020107,201.07,670.0,0.0,104273.0,0.0208655332302936,0.5111522943880771,Medium,0.4112481793277031
06073020401,204.01,185.0,0.0,156806.0,0.0056625141562853,0.4459534173802142,Medium,0.3793015889571791
06073020404,204.04,554.0,0.0,95543.0,0.0172413793103448,0.4989535113412003,Medium,0.4108297052973857
06073020705,207.05,676.0,0.0,126538.0,0.0169491525423728,0.4946528680779933,Medium,0.4319108913370575
06073020805,208.05,458.0,0.0,111029.0,0.0194690265486725,0.504560107734292,Medium,0.3914767046367615
06073020806,208.06,582.0,0.0,74464.0,0.0571696344892221,0.5223852979190479,Medium,0.4236800833696356
06073000100,1,310.0,0.0,211023.0,0.0090661831368993,0.4246678895897323,Medium,0.5051529907535792
06073016610,166.10,764.0,0.0,84407.0,0.036813922356091,0.5395878171949182,Medium,0.4155510983995151
06073016613,166.13,264.0,0.0,116667.0,0.0168067226890756,0.5001137097231987,Medium,0.3777661711713809
06073016614,166.14,441.0,0.0,116658.0,0.0373191165270373,0.49450337404196987,Medium,0.41327980597489333
06073016615,166.15,348.0,0.0,131500.0,0.0494880546075085,0.4738415044313668,Medium,0.4166126244215289
06073017020,170.20,555.0,0.0,175114.0,0.010533245556287,0.4590599527161328,Medium,0.40280815617526605
06073003107,31.07,604.0,3.3112582781456954,97105.0,0.0403120936280884,0.5042495616027306,Medium,0.21689734624722978
06073003107,31.07,604.0,3.3112582781456954,97105.0,0.0403120936280884,0.5042495616027306,Medium,0.21689734624722978
06073003108,31.08,404.0,0.0,112837.0,0.0528893241919686,0.5005226814905811,Medium,0.4212436769847624
06073017809,178.09,316.0,0.0,114500.0,0.0067114093959731,0.495778209840334,Medium,0.4151297516840412
06073018612,186.12,744.0,0.0,143333.0,0.0084985835694051,0.48533510622350506,Medium,0.4329533307959981
06073019503,195.03,560.0,0.0,82123.0,0.0311915159076731,0.5142778739089924,Medium,0.4526286991671866
06073020208,202.08,531.0,0.0,104911.0,0.0183006535947712,0.5138934229129382,Medium,0.4138431986263059
06073020209,202.09,498.0,0.0,52881.0,0.1032547699214365,0.5472143910952305,Medium,0.4244846775755233
06073020210,202.10,507.0,0.0,64069.0,0.039766081871345,0.5309915429664838,Medium,0.41244186054888327
06073020211,202.11,568.0,0.0,61327.0,0.1411822178798241,0.5455893817788249,Medium,0.4519028642909886
06073017306,173.06,277.0,0.0,224514.0,0.0,0.4116219079534888,Medium,0.3906431445148958
06073008350,83.50,491.0,2.0366598778004072,121335.0,0.0514285714285714,0.4758533385928597,Medium,0.3039107606121191
06073002803,28.03,386.0,0.0,80991.0,0.1222313371616078,0.5182989280742961,Medium,0.43954501157292497
06073002804,28.04,1013.0,0.0,88156.0,0.0122977346278317,0.5388031967561214,Medium,0.523914611673116
06073003001,30.01,540.0,1.851851851851852,91397.0,0.0270742358078602,0.5101286858593435,Medium,0.26725683235170905
06073003004,30.04,843.0,3.558718861209964,64815.0,0.0709413369713506,0.5521250988037165,Medium,0.23375352218307277
06073003004,30.04,843.0,3.558718861209964,64815.0,0.0709413369713506,0.5521250988037165,Medium,0.23375352218307277
06073003004,30.04,843.0,3.558718861209964,64815.0,0.0709413369713506,0.5521250988037165,Medium,0.23375352218307277
06073003004,30.04,843.0,3.558718861209964,64815.0,0.0709413369713506,0.5521250988037165,Medium,0.23375352218307277
06073003004,30.04,843.0,3.558718861209964,64815.0,0.0709413369713506,0.5521250988037165,Medium,0.23375352218307277
06073003004,30.04,843.0,3.558718861209964,64815.0,0.0709413369713506,0.5521250988037165,Medium,0.23375352218307277
06073003101,31.01,562.0,3.558718861209964,88229.0,0.0214007782101167,0.5191456877360799,Medium,0.2119608846735235
06073003101,31.01,562.0,3.558718861209964,88229.0,0.0214007782101167,0.5191456877360799,Medium,0.2119608846735235
06073016617,166.17,364.0,0.0,46667.0,0.1284634760705289,0.5532439948954193,Medium,0.40178285990927665
06073016804,168.04,1281.0,0.0,85321.0,0.0283185840707964,0.5269673053321267,Medium,0.445285918494039
06073016810,168.10,485.0,0.0,145268.0,0.0057803468208092,0.4901631192072981,Medium,0.3880088569811692
06073017006,170.06,286.0,0.0,170500.0,0.0130353817504655,0.4424370480843737,Medium,0.40701226826792863
06073020601,206.01,815.0,0.0,58569.0,0.0394529195160441,0.5437676032244285,Medium,0.44701326902922156
06073020602,206.02,744.0,0.0,69756.0,0.0667340748230535,0.5333574437472537,Medium,0.43563060152907623
06073020707,207.07,742.0,0.0,78281.0,0.0215736040609137,0.5300007953908051,Medium,0.4090483266058375
06073008339,83.39,44.0,45.45454545454545,80417.0,0.0836550836550836,0.43318764539857413,Medium,0.22107675089592815
06073008339,83.39,44.0,45.45454545454545,80417.0,0.0836550836550836,0.43318764539857413,Medium,0.22107675089592815
06073013412,134.12,520.0,0.0,119348.0,0.0222857142857142,0.48384676748528055,Medium,0.4267348887368303
06073020403,204.03,513.0,0.0,117417.0,0.0296875,0.5028164915823169,Medium,0.4039697819334109
06073021304,213.04,349.0,0.0,167500.0,0.0271966527196652,0.4558185367478415,Medium,0.38542636759152277
06073017009,170.09,507.0,0.0,98403.0,0.021094264996704,0.508256852320113,Medium,0.4194258890734156
06073017014,170.14,0.0,,82549.0,0.1340533672172808,,,
06073017018,170.18,575.0,3.4782608695652177,99048.0,0.0263157894736842,0.5089708684595321,Medium,0.19686499026043644
06073017018,170.18,575.0,3.4782608695652177,99048.0,0.0263157894736842,0.5089708684595321,Medium,0.19686499026043644
06073017021,170.21,234.0,0.0,201450.0,0.0,0.4117298771825215,Medium,0.37785421461700197
06073017031,170.31,374.0,0.0,151125.0,0.01573564122738,0.46451479490209124,Medium,0.4035327036887133
06073017034,170.34,817.0,1.2239902080783354,117382.0,0.017725258493353,0.5006313130193054,Medium,0.1830363266195735
06073017035,170.35,339.0,2.949852507374631,129861.0,0.1014263074484944,0.4885583766367788,Medium,0.15618535571272887
06073017036,170.36,355.0,2.8169014084507045,129979.0,0.0346117867165575,0.4835877957185559,Medium,0.14514443715351028
06073017037,170.37,798.0,2.506265664160401,125909.0,0.0335497835497835,0.49920892759509655,Medium,0.18141441276306833
06073017037,170.37,798.0,2.506265664160401,125909.0,0.0335497835497835,0.49920892759509655,Medium,0.18141441276306833
06073017039,170.39,934.0,1.0706638115631693,123836.0,0.0216647662485746,0.49640781121457256,Medium,0.23084311349379702
06073017040,170.40,438.0,0.0,150208.0,0.0086724482988659,0.45996577112867865,Medium,0.44439720783508746
06073017043,170.43,935.0,2.1390374331550803,192895.0,0.0415111940298507,0.45990993086505894,Medium,0.179130759749565
06073017043,170.43,935.0,2.1390374331550803,192895.0,0.0415111940298507,0.45990993086505894,Medium,0.179130759749565
06073017501,175.01,140.0,0.0,145357.0,0.0280728376327769,0.445854431422208,Medium,0.4053275798721298
06073017502,175.02,339.0,0.0,118611.0,0.0052710843373493,0.48099389998870457,Medium,0.4044942281918613
06073017603,176.03,447.0,0.0,182361.0,0.0045745654162854,0.4601667629528168,Medium,0.4285254495677573
06073017701,177.01,462.0,0.0,124833.0,0.0777964676198486,0.48275994653893683,Medium,0.3989243353991651
06073017702,177.02,241.0,0.0,144559.0,0.023168908819133,0.45539744025724616,Medium,0.39502580044428826
06073017808,178.08,512.0,0.0,158922.0,0.0297202797202797,0.4532762788653557,Medium,0.39644240596563424
06073017811,178.11,390.0,0.0,167287.0,0.0048471290082028,0.42999078623099557,Medium,0.40170405988654573
06073018000,180,189.0,0.0,96103.0,0.0244716351501668,0.48010095745284154,Medium,0.3969837422714284
06073008365,83.65,270.0,11.11111111111111,207865.0,0.0052687038988408,0.4083017835550195,Medium,0.11879260783960399
06073008365,83.65,270.0,11.11111111111111,207865.0,0.0052687038988408,0.4083017835550195,Medium,0.11879260783960399
06073008365,83.65,270.0,11.11111111111111,207865.0,0.0052687038988408,0.4083017835550195,Medium,0.11879260783960399
06073014805,148.05,421.0,0.0,94479.0,0.0464382326420198,0.49720414265802654,Medium,0.42414765107563107
06073010011,100.11,763.0,2.6212319790301444,111429.0,0.0305343511450381,0.5181973363628922,Medium,0.20022830557627946
06073010011,100.11,763.0,2.6212319790301444,111429.0,0.0305343511450381,0.5181973363628922,Medium,0.20022830557627946
06073018400,184,188.0,0.0,80844.0,0.1787916152897657,0.5208390021568045,Medium,0.4218446062686288
06073018509,185.09,618.0,0.0,61343.0,0.1515812431842966,0.5565060036836978,Medium,0.4505740601350224
06073018512,185.12,147.0,0.0,54954.0,0.0727816550348953,0.5115786870237391,Medium,0.4462405941980835
06073018515,185.15,468.0,0.0,116042.0,0.0693548387096774,0.49135769924494943,Medium,0.454343432867962
06073004300,43,389.0,2.5706940874035986,107846.0,0.0383239652529381,0.4869785865660396,Medium,0.15181106239715847
06073004400,44,274.0,0.0,102069.0,0.0288350634371395,0.4822162090539628,Medium,0.4168309391816155
06073004600,46,55.0,0.0,72774.0,0.1677852348993288,0.5126792902445116,Medium,0.4452559362169618
06073004700,47,52.0,19.230769230769234,64338.0,0.0937950937950937,0.4850900451585189,Medium,0.18865873394179147
06073004800,48,267.0,3.745318352059925,61783.0,0.1211180124223602,0.5284352439390297,Medium,0.19602787871415336
06073004900,49,735.0,0.0,46533.0,0.1502172563625077,0.576860567033951,Medium,0.5596311837448376
06073009102,91.02,329.0,6.079027355623101,75087.0,0.0863821138211382,0.511911174179616,Medium,0.16407249998647158
06073009102,91.02,329.0,6.079027355623101,75087.0,0.0863821138211382,0.511911174179616,Medium,0.16407249998647158
06073009104,91.04,268.0,0.0,147586.0,0.0329670329670329,0.4642812428637586,Medium,0.44231761017316945
06073009107,91.07,474.0,4.219409282700422,75733.0,0.0394910048266783,0.5085989611145594,Medium,0.17499294065446475
06073009107,91.07,474.0,4.219409282700422,75733.0,0.0394910048266783,0.5085989611145594,Medium,0.17499294065446475
06073005500,55,76.0,13.157894736842104,,0.0,,,0.11410640476913275
06073005700,57,102.0,0.0,75181.0,0.2162162162162162,0.5293610306191391,Medium,0.425318428668343
06073009201,92.01,512.0,3.90625,82727.0,0.051899907321594,0.5048429304940053,Medium,0.1992777169547439
06073009201,92.01,512.0,3.90625,82727.0,0.051899907321594,0.5048429304940053,Medium,0.1992777169547439
06073009301,93.01,468.0,4.273504273504274,106974.0,0.0287846481876332,0.48295712720230044,Medium,0.1798988887309681
06073009301,93.01,468.0,4.273504273504274,106974.0,0.0287846481876332,0.48295712720230044,Medium,0.1798988887309681
06073009506,95.06,559.0,0.0,154250.0,0.0208333333333333,0.46935592542933846,Medium,0.46903929816613016
06073009602,96.02,435.0,4.597701149425287,153575.0,0.0,0.4532805583821857,Medium,0.17205912219248534
06073009602,96.02,435.0,4.597701149425287,153575.0,0.0,0.4532805583821857,Medium,0.17205912219248534
06073006000,60,99.0,20.202020202020204,99044.0,0.1053702196908055,0.4554250186597918,Medium,0.1788210823597562
06073006000,60,99.0,20.202020202020204,99044.0,0.1053702196908055,0.4554250186597918,Medium,0.1788210823597562
06073006100,61,282.0,0.0,95655.0,0.031278748850046,0.5131099263644111,Medium,0.4199081709143986
06073006300,63,1141.0,0.0,,,,,0.45889181968171067
06073009603,96.03,418.0,0.0,70571.0,0.0563294972743791,0.5089099114022517,Medium,0.46638350324061584
06073009604,96.04,209.0,4.784688995215311,90282.0,0.0410958904109589,0.48598488381359,Medium,0.1835552331790783
06073009703,97.03,281.0,0.0,132094.0,0.0203602192638997,0.46514475612001716,Medium,0.43039202508129515
06073009705,97.05,425.0,2.352941176470588,136742.0,0.0071736011477761,0.47246691569525956,Medium,0.1640090336821452
06073009801,98.01,416.0,0.0,130543.0,0.043560606060606,0.4725258746228726,Medium,0.4718323496404171
06073011802,118.02,1559.0,0.0,57273.0,0.058282208588957,0.5840650154332506,Medium,0.5459287712885587
06073006600,66,191.0,0.0,101250.0,0.0210084033613445,0.49364827583954196,Medium,0.39871884974891647
06073006900,69,739.0,1.353179972936401,140768.0,0.0109628217349857,0.47645731443316963,Medium,0.2261232078193466
06073007002,70.02,285.0,3.5087719298245617,179239.0,0.0559055118110236,0.44120736356009793,Medium,0.19232036512952289
06073009804,98.04,784.0,0.0,148026.0,0.0691489361702127,0.4890435683341897,Medium,0.45005705115112293
06073009805,98.05,580.0,3.4482758620689653,101644.0,0.0194429847609038,0.5026798943001805,Medium,0.15259726617919894
06073009805,98.05,580.0,3.4482758620689653,101644.0,0.0194429847609038,0.5026798943001805,Medium,0.15259726617919894
06073010001,100.01,384.0,0.0,101591.0,0.0658153241650294,0.5031683965322159,Medium,0.4644858289079855
06073010003,100.03,391.0,2.557544757033248,98913.0,0.0600505689001264,0.49258158936541063,Medium,0.18592147870534817
06073010004,100.04,1079.0,0.9267840593141798,105074.0,0.0311926605504587,0.5402606949043234,Medium,0.27565783038161723
06073012002,120.02,543.0,0.0,38973.0,0.2537788385043755,0.6119699353139632,High,0.4423134509465377
06073012003,120.03,450.0,0.0,93438.0,0.0597758405977584,0.5327124726504191,Medium,0.4538347898058668
06073012101,121.01,201.0,0.0,93824.0,0.1051051051051051,0.5138326635339091,Medium,0.4148665120917995
06073007200,72,1636.0,0.6112469437652812,177039.0,0.0282337491792514,0.524205508987635,Medium,0.28050686195288144
06073007302,73.02,524.0,0.0,179449.0,0.0131712259371833,0.4809176910886934,Medium,0.4062624270608339
06073007501,75.01,34.0,117.6470588235294,83750.0,0.0957446808510638,0.33829494102465324,Low,0.13609205916853792
06073007501,75.01,34.0,117.6470588235294,83750.0,0.0957446808510638,0.33829494102465324,Low,0.13609205916853792
06073007501,75.01,34.0,117.6470588235294,83750.0,0.0957446808510638,0.33829494102465324,Low,0.13609205916853792
06073007501,75.01,34.0,117.6470588235294,83750.0,0.0957446808510638,0.33829494102465324,Low,0.13609205916853792
06073007502,75.02,87.0,22.988505747126435,84550.0,0.0681948424068767,0.4572291366550426,Medium,0.14041107732404912
06073007502,75.02,87.0,22.988505747126435,84550.0,0.0681948424068767,0.4572291366550426,Medium,0.14041107732404912
06073010009,100.09,426.0,7.042253521126761,74063.0,0.0689170182841068,0.5055359070768897,Medium,0.2136246445432837
06073010009,100.09,426.0,7.042253521126761,74063.0,0.0689170182841068,0.5055359070768897,Medium,0.2136246445432837
06073010009,100.09,426.0,7.042253521126761,74063.0,0.0689170182841068,0.5055359070768897,Medium,0.2136246445432837
06073010010,100.10,742.0,2.6954177897574128,65000.0,0.1058897243107769,0.557474410760531,Medium,0.2093728647413945
06073010010,100.10,742.0,2.6954177897574128,65000.0,0.1058897243107769,0.557474410760531,Medium,0.2093728647413945
06073010013,100.13,911.0,3.293084522502744,69459.0,0.0770750988142292,0.5626293210905365,Medium,0.23490853658254032
06073010013,100.13,911.0,3.293084522502744,69459.0,0.0770750988142292,0.5626293210905365,Medium,0.23490853658254032
06073010013,100.13,911.0,3.293084522502744,69459.0,0.0770750988142292,0.5626293210905365,Medium,0.23490853658254032
06073010106,101.06,742.0,1.3477088948787064,50833.0,0.1377245508982036,0.5765385637852616,Medium,0.26388972831985824
06073010107,101.07,975.0,1.0256410256410255,85875.0,0.0193548387096774,0.5325104380888768,Medium,0.2558659918150321
06073012102,121.02,319.0,0.0,70125.0,0.0826271186440678,0.5359002872752824,Medium,0.4233553168745114
06073012302,123.02,69.0,0.0,44750.0,0.1424936386768447,0.5341615627674096,Medium,0.42046875748736245
06073012304,123.04,525.0,0.0,90300.0,0.0916905444126074,0.5252615182581822,Medium,0.4482733165498561
06073012402,124.02,935.0,0.0,64018.0,0.0299305184393372,0.5537666875308126,Medium,0.48360074352065713
06073010401,104.01,268.0,0.0,70609.0,0.0499390986601705,0.5328581868246246,Medium,0.4184171598992188
06073008002,80.02,273.0,3.663003663003663,184653.0,0.0166177908113391,0.43471067357334336,Medium,0.1269351303800814
06073010110,101.10,1178.0,0.8488964346349746,68333.0,0.0527079303675048,0.5492524943233189,Medium,0.2824614776740736
06073010111,101.11,643.0,1.5552099533437014,59561.0,0.0284023668639053,0.557310190849664,Medium,0.2318531633363928
06073010112,101.12,1047.0,0.9551098376313276,57083.0,0.0732189973614775,0.5781997118999044,Medium,0.237156457035648
06073010300,103,484.0,0.0,77722.0,0.1493032514930325,0.5433511113996138,Medium,0.4423873150799785
06073013301,133.01,453.0,0.0,106645.0,0.0580727504786215,0.4964385472410634,Medium,0.4213649887729639
06073012600,126,649.0,0.0,78017.0,0.0654993514915694,0.5368142054214617,Medium,0.45058877026643873
06073012700,127,659.0,0.0,67961.0,0.1433506044905008,0.55783069254042,Medium,0.47787572292983244
06073012800,128,447.0,0.0,84185.0,0.087378640776699,0.5281546519241523,Medium,0.4428095282893955
06073012900,129,670.0,0.0,103438.0,0.0088183421516754,0.5261583263556211,Medium,0.4358087365107575
06073013000,130,418.0,0.0,72700.0,0.089798087141339,0.518073718019562,Medium,0.4424011086344562
06073008101,81.01,176.0,17.045454545454543,104457.0,0.0207650273224043,0.44972037276273336,Medium,0.15149940377794807
06073008101,81.01,176.0,17.045454545454543,104457.0,0.0207650273224043,0.44972037276273336,Medium,0.15149940377794807
06073008101,81.01,176.0,17.045454545454543,104457.0,0.0207650273224043,0.44972037276273336,Medium,0.15149940377794807
06073008102,81.02,457.0,6.564551422319474,188545.0,0.0161166538756715,0.4431731785033732,Medium,0.17114633095199175
06073008102,81.02,457.0,6.564551422319474,188545.0,0.0161166538756715,0.4431731785033732,Medium,0.17114633095199175
06073008102,81.02,457.0,6.564551422319474,188545.0,0.0161166538756715,0.4431731785033732,Medium,0.17114633095199175
06073008301,83.01,266.0,3.7593984962406015,230962.0,0.0284615384615384,0.39477340223701735,Low,0.13343617127792617
06073008306,83.06,299.0,3.3444816053511706,232614.0,0.010289990645463,0.4055027199007925,Medium,0.13645911067800792
06073010402,104.02,497.0,0.0,59227.0,0.1131346578366445,0.5386767937945188,Medium,0.4309824454818012
06073010501,105.01,105.0,0.0,118634.0,0.0468468468468468,0.4810008343187907,Medium,0.3969266670524239
06073010502,105.02,663.0,0.0,65351.0,0.0612918434700612,0.5346816481816354,Medium,0.43092686514081996
06073010601,106.01,202.0,0.0,202692.0,0.0,0.42372807002604995,Medium,0.3985601683064117
06073013205,132.05,403.0,0.0,61786.0,0.0298295454545454,0.5609470006914583,Medium,0.430485830665573
06073013102,131.02,914.0,0.0,64619.0,0.0682148040638606,0.5442326260266022,Medium,0.4737621595103854
06073013103,131.03,242.0,0.0,73333.0,0.0662337662337662,0.5224015734477054,Medium,0.41014199195120077
06073013104,131.04,782.0,0.0,54750.0,0.0535714285714285,0.5495762981531556,Medium,0.4448594647046334
06073013203,132.03,985.0,0.0,52014.0,0.1742777260018639,0.5872640980878555,Medium,0.4805395312337154
06073013204,132.04,541.0,0.0,61852.0,0.0739875389408099,0.5414025132443788,Medium,0.4455651695843873
06073010109,101.09,959.0,0.0,104630.0,0.0359897172236503,0.539366817346403,Medium,0.45059895677477446
06073008307,83.07,494.0,4.048582995951417,122083.0,0.0905861456483126,0.4964349772214863,Medium,0.1782822135592351
06073008307,83.07,494.0,4.048582995951417,122083.0,0.0905861456483126,0.4964349772214863,Medium,0.1782822135592351
06073008327,83.27,847.0,2.361275088547816,174659.0,0.0045529801324503,0.45737499383431834,Medium,0.17078604691624816
06073008327,83.27,847.0,2.361275088547816,174659.0,0.0045529801324503,0.45737499383431834,Medium,0.17078604691624816
06073008330,83.30,742.0,6.738544474393532,176190.0,0.0402173913043478,0.46295351637020804,Medium,0.14839640365320883
06073008330,83.30,742.0,6.738544474393532,176190.0,0.0402173913043478,0.46295351637020804,Medium,0.14839640365320883
06073008330,83.30,742.0,6.738544474393532,176190.0,0.0402173913043478,0.46295351637020804,Medium,0.14839640365320883
06073008330,83.30,742.0,6.738544474393532,176190.0,0.0402173913043478,0.46295351637020804,Medium,0.14839640365320883
06073008330,83.30,742.0,6.738544474393532,176190.0,0.0402173913043478,0.46295351637020804,Medium,0.14839640365320883
06073010900,109,237.0,0.0,179063.0,0.0230642504118616,0.465185977555107,Medium,0.4304082071886801
06073011000,110,282.0,0.0,97237.0,0.0065406976744186,0.4959629711614954,Medium,0.4251124092148378
06073011100,111,557.0,0.0,127050.0,0.0840618695359784,0.515951396522917,Medium,0.43558164014509476
06073013306,133.06,538.0,0.0,86563.0,0.0255731922398589,0.5205413384831352,Medium,0.4253342915927842
06073013206,132.06,667.0,0.0,52622.0,0.088491517652453,0.5468602438771883,Medium,0.4834737569640311
06073014602,146.02,548.0,0.0,126628.0,0.019453207150368,0.4796458705666123,Medium,0.45768194475494145
06073011300,113,203.0,0.0,155114.0,0.0,0.44852704578038677,Medium,0.37118989777207423
06073008511,85.11,266.0,7.518796992481203,132786.0,0.0213740458015267,0.44323339860467426,Medium,0.3200311640607725
06073008511,85.11,266.0,7.518796992481203,132786.0,0.0213740458015267,0.44323339860467426,Medium,0.3200311640607725
06073013601,136.01,652.0,0.0,114656.0,0.0800790904597133,0.5066951185437272,Medium,0.4181967919151772
06073017048,170.48,959.0,0.0,98036.0,0.0408352668213457,0.5247093688579134,Medium,0.4646081304030297
06073009507,95.07,425.0,2.352941176470588,113875.0,0.0098684210526315,0.48548437324359023,Medium,0.1390090336821452
06073007800,78,645.0,1.550387596899225,105938.0,0.0123042505592841,0.4925675727336065,Medium,0.22131766360521749
06073008503,85.03,1377.0,1.4524328249818446,118141.0,0.0456418383518225,0.5215503386457288,Medium,0.2815418510624661
06073008503,85.03,1377.0,1.4524328249818446,118141.0,0.0456418383518225,0.5215503386457288,Medium,0.2815418510624661
06073009902,99.02,0.0,,,,,,
06073020304,203.04,434.0,0.0,140586.0,0.0,0.45046097430943904,Medium,0.3955508502630122
06073013302,133.02,1327.0,0.0,100772.0,0.0,0.53041757111382,Medium,0.49625831951185434
06073013303,133.03,642.0,0.0,71750.0,0.0540345821325648,0.5394938231047139,Medium,0.4675214583047133
06073015502,155.02,416.0,0.0,127120.0,0.0040609137055837,0.4909380073952473,Medium,0.3854940376647726
06073021202,212.02,434.0,0.0,93370.0,0.0959860383944153,0.5294325504300387,Medium,0.39165577147521907
06073016201,162.01,571.0,0.0,142697.0,0.0310036784025223,0.4717450734839995,Medium,0.44801076492194325
06073019002,190.02,393.0,0.0,130987.0,0.0291858678955453,0.4784449813529953,Medium,0.37309937128120596
06073018510,185.10,437.0,0.0,56071.0,0.0647619047619047,0.5609974733180937,Medium,0.47212861194786654
06073019803,198.03,757.0,0.0,107813.0,0.1195469798657718,0.5255149790263083,Medium,0.4944891219850266
06073015302,153.02,458.0,0.0,115575.0,0.0238262088297126,0.4878036416360393,Medium,0.38651816365712144
06073010104,101.04,355.0,5.633802816901409,103315.0,0.0316622691292876,0.4941805833346312,Medium,0.17317606240426098
06073010104,101.04,355.0,5.633802816901409,103315.0,0.0316622691292876,0.4941805833346312,Medium,0.17317606240426098
06073017601,176.01,567.0,0.0,171310.0,0.0760151085930122,0.46302749161066803,Medium,0.43547090753351747
06073016606,166.06,407.0,0.0,126731.0,0.0189393939393939,0.4832194518461882,Medium,0.4028040533652565
06073008501,85.01,610.0,0.0,131944.0,0.0257973733583489,0.4780955744248223,Medium,0.42500213855690516
06073003601,36.01,584.0,3.4246575342465753,83233.0,0.1357048748353096,0.5565052163955903,Medium,0.18861162942016718
06073003601,36.01,584.0,3.4246575342465753,83233.0,0.1357048748353096,0.5565052163955903,Medium,0.18861162942016718
06073013411,134.11,646.0,0.0,158802.0,0.0187085093542546,0.4708746538408141,Medium,0.4153657404389892
06073002703,27.03,936.0,0.0,83644.0,0.0089134125636672,0.5191164601555561,Medium,0.5326493039351275
06073003109,31.09,352.0,0.0,123368.0,0.008130081300813,0.4807427540617786,Medium,0.43955386750030295
06073003111,31.11,1166.0,0.0,46528.0,0.1405908096280087,0.594734152584456,Medium,0.5645748620158445
06073003112,31.12,324.0,0.0,85965.0,0.0,0.4940379463124201,Medium,0.5291687171093244
06073003113,31.13,534.0,3.745318352059925,114028.0,0.0215767634854771,0.4882497826265708,Medium,0.1973588088134658
06073003113,31.13,534.0,3.745318352059925,114028.0,0.0215767634854771,0.4882497826265708,Medium,0.1973588088134658
06073007701,77.01,135.0,0.0,126346.0,0.029951690821256,0.4507637046859317,Medium,0.4031389117264268
06073007907,79.07,98.0,0.0,115660.0,0.0497203231821006,0.4615590423228867,Medium,0.4350605974927353
06073021600,216,343.0,0.0,111023.0,0.0329171396140749,0.4989770220322389,Medium,0.4014811395066497
06073021800,218,165.0,0.0,213125.0,0.0197775030902348,0.41238926750336796,Medium,0.3936257039653688
06073022000,220,444.0,0.0,66801.0,0.1006794317479925,0.5356738919541906,Medium,0.4658724708207525
06073008003,80.03,113.0,17.699115044247787,158704.0,0.0388297872340425,0.4094390779817284,Medium,0.12988244100596716
06073008003,80.03,113.0,17.699115044247787,158704.0,0.0388297872340425,0.4094390779817284,Medium,0.12988244100596716
06073008006,80.06,261.0,11.494252873563218,131125.0,0.0217983651226158,0.44610836108114227,Medium,0.15387728781658397
06073008006,80.06,261.0,11.494252873563218,131125.0,0.0217983651226158,0.44610836108114227,Medium,0.15387728781658397
06073008006,80.06,261.0,11.494252873563218,131125.0,0.0217983651226158,0.44610836108114227,Medium,0.15387728781658397
06073008361,83.61,167.0,0.0,97772.0,0.0531697341513292,0.4876001178716252,Medium,0.41974485981244175
06073008362,83.62,320.0,3.125,114071.0,0.0499359795134443,0.4879892567628057,Medium,0.14909344631087107
06073009305,93.05,257.0,0.0,128674.0,0.0074487895716946,0.4521035489860584,Medium,0.39050040311976386
06073009306,93.06,349.0,0.0,136375.0,0.0104403086699954,0.45267854215460146,Medium,0.4223911907802415
06073018613,186.13,676.0,0.0,88450.0,0.0317331163547599,0.5403267078402723,Medium,0.42894584402443264
06073009510,95.10,486.0,0.0,57759.0,0.0144817073170731,0.524705252625557,Medium,0.4512256391043759
06073012501,125.01,500.0,0.0,43125.0,0.1568627450980392,0.5732425890710603,Medium,0.4378814251386944
06073012502,125.02,499.0,0.0,65625.0,0.08,0.5329457944175887,Medium,0.42915714753272544
06073013420,134.20,781.0,0.0,127222.0,0.0353430353430353,0.5436156594778638,Medium,0.4158367714933014
06073019808,198.08,442.0,0.0,98521.0,0.026094276094276,0.4961854225681789,Medium,0.38683428557282057
06073014901,149.01,570.0,0.0,82240.0,0.0879180151024811,0.5294482638288018,Medium,0.4301919535482898
06073016503,165.03,373.0,0.0,97955.0,0.0369978858350951,0.512868615241177,Medium,0.40733887143864345
06073016504,165.04,748.0,0.0,59129.0,0.1597430406852248,0.5566663600888175,Medium,0.4366223699834719
06073007905,79.05,94.0,0.0,120074.0,0.0522117476432197,0.4616078586606465,Medium,0.4390451551867337
06073007910,79.10,94.0,10.638297872340424,100227.0,0.0433376455368693,0.4586594894889108,Medium,0.16577885456918867
06073014902,149.02,196.0,0.0,72500.0,0.1054794520547945,0.5168177001288017,Medium,0.4019137139568901
06073000201,2.01,279.0,3.5842293906810037,110476.0,0.1232114467408585,0.5130318117333764,Medium,0.1846278638114631
06073002711,27.11,649.0,0.0,87011.0,0.0110552763819095,0.5346418270941079,Medium,0.5112916868916169
06073002711,27.11,649.0,0.0,87011.0,0.0110552763819095,0.5346418270941079,Medium,0.5112916868916169
06073008363,83.63,750.0,0.0,70206.0,0.1389473684210526,0.5574366212011274,Medium,0.47563345283834396
06073003304,33.04,638.0,1.567398119122257,45362.0,0.1408450704225352,0.5997115915134552,Medium,0.24569181098835474
06073007908,79.08,123.0,0.0,89936.0,0.0500927643784786,0.4818485007521091,Medium,0.42565056973206417
06073014806,148.06,250.0,0.0,64075.0,0.1098696461824953,0.5293635002586088,Medium,0.4169760120612334
06073008364,83.64,483.0,0.0,97066.0,0.116441343218491,0.5197602866527637,Medium,0.4207349716976805
06073008366,83.66,1013.0,0.0,225692.0,0.0108695652173913,0.429027762655828,Medium,0.4554744522865741
06073009511,95.11,825.0,0.0,69087.0,0.0083769633507853,0.5551754045859839,Medium,0.4234022474871975
06073007702,77.02,136.0,0.0,109414.0,0.0304073436603557,0.46701982623062455,Medium,0.40279085480268545
06073020308,203.08,541.0,0.0,51736.0,0.1299083769633507,0.5435015460755397,Medium,0.4288252210880846
06073017801,178.01,854.0,0.0,115711.0,0.0725043782837127,0.5042959410952146,Medium,0.526934234451223
06073012303,123.03,370.0,0.0,75024.0,0.1189099917423616,0.5312690333531178,Medium,0.44286405988144556
06073004200,42,745.0,2.6845637583892614,138021.0,0.0092797171895713,0.4765569933032424,Medium,0.17745429657270126
06073004200,42,745.0,2.6845637583892614,138021.0,0.0092797171895713,0.4765569933032424,Medium,0.17745429657270126
06073002904,29.04,2370.0,0.4219409282700422,45746.0,0.0964630225080385,0.6093540598208412,High,0.3912923051376793
06073002502,25.02,1083.0,2.770083102493075,94092.0,0.0719455087271179,0.5317491904018632,Medium,0.23613473984038694
06073002502,25.02,1083.0,2.770083102493075,94092.0,0.0719455087271179,0.5317491904018632,Medium,0.23613473984038694
06073002502,25.02,1083.0,2.770083102493075,94092.0,0.0719455087271179,0.5317491904018632,Medium,0.23613473984038694
06073017052,170.52,626.0,0.0,126588.0,0.0580057526366251,0.49775418753999867,Medium,0.40895489587470474
06073017055,170.55,836.0,1.1961722488038278,159434.0,0.0090137857900318,0.48117320270650193,Medium,0.20614373656439322
06073017056,170.56,492.0,4.065040650406504,111167.0,0.060200668896321,0.49782255965455136,Medium,0.18706045844419789
06073017056,170.56,492.0,4.065040650406504,111167.0,0.060200668896321,0.49782255965455136,Medium,0.18706045844419789
06073020213,202.13,598.0,0.0,53333.0,0.1314516129032258,0.5722821582355551,Medium,0.4268621039930732
06073020214,202.14,817.0,0.0,32194.0,0.1654676258992805,0.600925722782345,High,0.5147689287327206
06073000202,2.02,247.0,4.048582995951417,121264.0,0.0399467376830892,0.464146242179923,Medium,0.19954964098475075
06073002712,27.12,710.0,2.8169014084507045,54083.0,0.1080159181353041,0.5534582965811299,Medium,0.21769385464778074
06073002712,27.12,710.0,2.8169014084507045,54083.0,0.1080159181353041,0.5534582965811299,Medium,0.21769385464778074
06073003305,33.05,1559.0,0.6414368184733803,56842.0,0.0774309723889555,0.5967054221221708,Medium,0.33114163166092236
06073016607,166.07,690.0,0.0,141229.0,0.0396203054065208,0.471381858837881,Medium,0.41492014414587197
