tract_geoid,NAME,NAMELSAD,median_hh_income,poverty_rate_pct,pct_hh_zero_vehicle,pct_hh_no_internet,total_population,opportunity_index_acs
06073008331,83.31,Census Tract 83.31,217083.0,2.8,1.4846235418875928,0.0,2766,99.08096697603854
06073008336,83.36,Census Tract 83.36,197841.0,0.3,1.078167115902965,0.0,2086,98.57933079884965
06073008337,83.37,Census Tract 83.37,180496.0,1.9,0.0,0.0,4996,95.36983496395764
06073011601,116.01,Census Tract 116.01,69542.0,20.0,3.265557609365373,9.550215650030808,5796,39.439358746583075
06073011602,116.02,Census Tract 116.02,57303.0,12.4,9.469696969696969,8.181818181818182,3671,40.05495510643217
06073011700,117,Census Tract 117,56045.0,13.7,15.611814345991561,21.74913693901036,7376,7.623089148552075
06073011801,118.01,Census Tract 118.01,61146.0,22.5,5.76241134751773,7.446808510638298,3278,36.79629116013798
06073013307,133.07,Census Tract 133.07,80156.0,21.4,0.0,1.0878010878010878,4538,58.679556951131424
06073013308,133.08,Census Tract 133.08,95725.0,9.8,2.898550724637681,5.797101449275362,3885,60.323142597048935
06073013309,133.09,Census Tract 133.09,140882.0,4.5,0.4746835443037975,2.7426160337552745,7211,80.88936263825737
06073013312,133.12,Census Tract 133.12,97188.0,3.7,18.057142857142857,17.485714285714284,2794,28.695671276696885
06073008343,83.43,Census Tract 83.43,82325.0,26.4,8.498583569405099,0.56657223796034,4165,46.15462422683021
06073008344,83.44,Census Tract 83.44,176680.0,3.7,0.5080440304826418,0.9314140558848433,3460,90.85465920345302
06073008345,83.45,Census Tract 83.45,88095.0,7.7,4.769230769230769,2.358974358974359,4204,65.10076473803653
06073013401,134.01,Census Tract 134.01,134358.0,6.1,1.9693654266958425,2.698760029175784,4670,76.77947932702189
06073013409,134.09,Census Tract 134.09,108590.0,5.2,1.4771048744460855,8.025603151157066,6105,64.24785456122966
06073015601,156.01,Census Tract 156.01,63974.0,16.7,5.148130160271977,2.331228751821272,5912,52.43581205042375
06073015701,157.01,Census Tract 157.01,42750.0,34.3,8.999581414817916,3.097530347425701,6362,27.17494734178888
06073008348,83.48,Census Tract 83.48,150847.0,5.3,5.247465712581992,1.132975551580203,4935,79.52941152857046
06073008349,83.49,Census Tract 83.49,129038.0,7.0,8.12274368231047,1.895306859205776,3822,69.80999865144248
06073008351,83.51,Census Tract 83.51,149196.0,5.1,2.720114531138153,2.3622047244094486,4817,79.97778321411306
06073008352,83.52,Census Tract 83.52,133869.0,4.8,5.694305694305695,1.5984015984015985,4119,75.81221959409964
06073008353,83.53,Census Tract 83.53,151857.0,6.3,4.878048780487805,2.053915275994865,4802,77.5317661408438
06073015801,158.01,Census Tract 158.01,52212.0,16.4,18.098591549295776,5.352112676056338,3657,31.227225240053613
06073015901,159.01,Census Tract 159.01,45690.0,24.4,16.955684007707127,8.766859344894026,3751,17.914140314755276
06073015902,159.02,Census Tract 159.02,45921.0,21.7,15.852272727272727,4.090909090909091,5435,30.019174936702086
06073016000,160,Census Tract 160,100547.0,19.2,5.154639175257731,5.154639175257731,2365,51.218784950052154
06073008355,83.55,Census Tract 83.55,154000.0,4.7,3.463203463203463,3.354978354978355,3093,78.56205755935467
06073008356,83.56,Census Tract 83.56,121548.0,8.0,2.887323943661972,2.535211267605634,3950,72.17999125271841
06073008357,83.57,Census Tract 83.57,114583.0,15.9,7.0855614973262036,1.9385026737967916,4608,60.2744071934794
06073008358,83.58,Census Tract 83.58,115942.0,9.9,7.077072224915172,6.495395055744062,6522,57.83243043131548
06073008359,83.59,Census Tract 83.59,86685.0,7.9,7.20968629609246,4.017611447440837,4426,59.049529125261
06073016401,164.01,Census Tract 164.01,110076.0,8.2,5.44611819235226,1.3904982618771726,5410,69.33966529953288
06073016100,161,Census Tract 161,108175.0,7.5,0.0,6.583793738489871,6412,66.26439535040365
06073016202,162.02,Census Tract 162.02,68813.0,14.6,12.705530642750373,4.783258594917788,3923,42.553844871043054
06073016301,163.01,Census Tract 163.01,64446.0,22.9,14.220445459737293,8.509423186750428,4886,25.878608004773383
06073016302,163.02,Census Tract 163.02,56154.0,27.6,5.15695067264574,3.195067264573991,5784,39.572379748150766
06073003209,32.09,Census Tract 32.09,80436.0,3.1,3.7393767705382435,2.7195467422096318,5277,68.50167761863919
06073003211,32.11,Census Tract 32.11,96563.0,8.2,1.2181616832779625,2.436323366555925,3077,69.78936207041556
06073003212,32.12,Census Tract 32.12,103281.0,8.9,4.007633587786259,3.816793893129771,3930,64.76593376637831
06073003213,32.13,Census Tract 32.13,125164.0,6.5,0.30060120240480964,2.6052104208416833,3825,76.85014310000354
06073017107,171.07,Census Tract 171.07,199063.0,5.0,0.0,0.0,3146,95.65020479827305
06073008360,83.60,Census Tract 83.60,99122.0,7.4,6.814381270903009,0.5434782608695652,7071,68.26337325223857
06073008502,85.02,Census Tract 85.02,100387.0,16.2,5.305145592341444,6.063023534104508,6776,52.147186342229695
06073008504,85.04,Census Tract 85.04,131429.0,9.5,6.282952548330405,9.182776801405975,5896,56.84316563938169
06073008505,85.05,Census Tract 85.05,87178.0,9.2,4.4212617983109785,2.4341778440139095,5406,63.815466669771
06073016502,165.02,Census Tract 165.02,66701.0,22.5,5.277777777777778,7.341269841269842,8034,38.446617297560984
06073017104,171.04,Census Tract 171.04,136468.0,5.7,4.642857142857143,7.214285714285714,3748,66.48918815513657
06073003214,32.14,Census Tract 32.14,80762.0,5.9,1.160541586073501,16.312056737588655,4587,44.401028045921585
06073003301,33.01,Census Tract 33.01,72773.0,19.7,9.368836291913215,2.7613412228796843,3338,45.80346171336987
06073003303,33.03,Census Tract 33.03,57699.0,17.2,5.710206995003569,16.059957173447536,3969,25.672764605967863
06073003403,34.03,Census Tract 34.03,66711.0,16.9,5.513307984790875,15.494296577946768,3681,28.69199936824664
06073008506,85.06,Census Tract 85.06,118633.0,11.4,3.0592734225621414,5.035054174633524,4084,63.90072142713978
06073008507,85.07,Census Tract 85.07,87269.0,10.3,4.336349924585218,4.864253393665159,7252,58.55385156777819
06073008509,85.09,Census Tract 85.09,115600.0,6.8,7.31981981981982,5.367867867867868,6491,62.37536505216308
06073008510,85.10,Census Tract 85.10,79226.0,8.8,12.230497843982752,4.468835750686005,5732,50.700484063585805
06073008512,85.12,Census Tract 85.12,118224.0,8.9,5.817711700064641,9.114414996767938,4043,55.80182778930536
06073017108,171.08,Census Tract 171.08,165893.0,5.5,4.179471419791026,4.425322679778733,4336,77.12830521964268
06073017303,173.03,Census Tract 173.03,119558.0,5.4,0.5970149253731344,2.3880597014925375,3582,76.98312868288009
06073003404,34.04,Census Tract 34.04,75843.0,5.7,5.217391304347826,3.826086956521739,4595,61.75353071780503
06073003501,35.01,Census Tract 35.01,59974.0,22.5,12.861415752741776,10.269192422731804,3591,23.81323426274243
06073003502,35.02,Census Tract 35.02,43807.0,26.2,9.891936824605153,5.985037406483791,4655,28.622940072189852
06073003602,36.02,Census Tract 36.02,64444.0,16.8,9.642857142857144,11.190476190476192,3719,31.63528528612345
06073003603,36.03,Census Tract 36.03,63664.0,17.5,11.121951219512196,11.219512195121952,3176,29.201921697023046
06073008513,85.13,Census Tract 85.13,132500.0,5.0,0.8665511265164645,2.079722703639515,2909,79.78556780546519
06073008600,86,Census Tract 86,63924.0,11.1,6.724890829694323,6.812227074235808,6473,47.802518810469195
06073008701,87.01,Census Tract 87.01,78516.0,12.9,1.062959934587081,2.698282910874898,3320,62.14703255207654
06073008702,87.02,Census Tract 87.02,111025.0,14.8,8.741258741258742,0.5827505827505828,5220,61.31676650969039
06073017305,173.05,Census Tract 173.05,168889.0,5.4,1.206636500754148,0.0,3344,88.89883744094128
06073018621,186.21,Census Tract 186.21,115250.0,6.1,4.409171075837742,5.82010582010582,1979,65.3119703347618
06073009108,91.08,Census Tract 91.08,88654.0,6.0,1.3363028953229399,7.683741648106904,2064,60.92999208996275
06073017069,170.69,Census Tract 170.69,186625.0,2.0,1.8726591760299627,0.8739076154806492,2337,92.70346860117448
06073003800,38,Census Tract 38,,0.0,100.0,0.0,8774,0.0
06073003901,39.01,Census Tract 39.01,67459.0,18.2,8.333333333333332,2.0599250936329585,4381,48.66977261975711
06073003902,39.02,Census Tract 39.02,53750.0,11.7,24.383164005805515,5.660377358490567,4257,28.404690563014015
06073004000,40,Census Tract 40,53643.0,22.3,5.887230514096186,11.85737976782753,4151,27.666951628573102
06073008800,88,Census Tract 88,76775.0,20.2,12.63001485884101,4.804358593363052,6269,38.804656484831426
06073008901,89.01,Census Tract 89.01,95441.0,7.9,3.5401750198886237,4.05727923627685,5604,64.44119050064555
06073013317,133.17,Census Tract 133.17,139464.0,6.1,1.2558233745189387,0.5266356086692323,16919,82.31213992442473
06073018201,182.01,Census Tract 182.01,75707.0,12.7,7.504078303425775,8.890701468189233,3024,43.73944264819794
06073018101,181.01,Census Tract 181.01,116215.0,6.8,2.737642585551331,3.041825095057034,3416,71.63675261876755
06073017202,172.02,Census Tract 172.02,179018.0,1.9,0.8391608391608392,0.0,1655,94.20871400876294
06073018302,183.02,Census Tract 183.02,67955.0,11.7,3.5294117647058822,13.676470588235295,1263,39.08655078838995
06073017068,170.68,Census Tract 170.68,145313.0,4.5,2.2930648769574944,0.0,4736,84.57872094407603
06073013325,133.25,Census Tract 133.25,82529.0,12.6,3.6373220875065893,5.376910911966262,5764,55.489461992411265
06073013318,133.18,Census Tract 133.18,151302.0,2.1,2.567629527739569,0.0,7687,87.48630227665804
06073001301,13.01,Census Tract 13.01,105903.0,7.2,5.396825396825397,1.3968253968253967,2713,69.59682160078991
06073015407,154.07,Census Tract 154.07,46267.0,30.5,10.195758564437195,4.486133768352365,3627,27.45551944560155
06073008367,83.67,Census Tract 83.67,120742.0,11.1,3.9462636439966414,0.0,3312,72.60181411047606
06073010017,100.17,Census Tract 100.17,108042.0,7.6,2.132564841498559,2.420749279538905,6581,71.30238033963391
06073007304,73.04,Census Tract 73.04,104311.0,15.2,5.051495831289848,3.0407062285434034,3620,59.423210408779
06073005602,56.02,Census Tract 56.02,100397.0,11.2,3.6205648081100654,0.724112961622013,2117,68.14469512644142
06073021306,213.06,Census Tract 213.06,157008.0,9.2,0.7241606319947334,4.5424621461487815,5069,75.79164445763799
06073013319,133.19,Census Tract 133.19,145256.0,4.2,4.750088621056363,0.7444168734491315,8534,80.8358549688428
06073009101,91.01,Census Tract 91.01,108873.0,5.7,1.9213973799126638,4.847161572052402,5334,69.05829800753645
06073013324,133.24,Census Tract 133.24,125244.0,0.1,0.3614457831325301,0.0,2349,87.33799041748871
06073009000,90,Census Tract 90,112292.0,7.2,2.389572773352643,2.896451846488052,4037,71.25015329052714
06073008371,83.71,Census Tract 83.71,159405.0,1.5,4.020752269779507,2.075226977950713,4005,84.09356972881804
06073008368,83.68,Census Tract 83.68,211830.0,7.9,0.619514713474445,0.8260196179659267,6464,92.9826186625484
06073017057,170.57,Census Tract 170.57,173750.0,4.2,2.67022696929239,1.335113484646195,3831,86.82783010041277
06073021502,215.02,Census Tract 215.02,176076.0,7.3,4.724159797083069,1.5218769816106532,9042,81.8089575637693
06073007601,76.01,Census Tract 76.01,93785.0,10.9,6.570048309178745,0.0,1750,65.39983104885779
06073008373,83.73,Census Tract 83.73,219271.0,5.7,3.541185527328714,0.0,3446,94.55449964413987
06073017201,172.01,Census Tract 172.01,193348.0,2.9,1.6170212765957446,3.3191489361702122,2266,88.89848823249925
06073007911,79.11,Census Tract 79.11,115134.0,5.8,11.02775693923481,0.0,2347,68.81434845114197
06073018102,181.02,Census Tract 181.02,87976.0,8.4,0.8870967741935484,4.758064516129032,2525,64.35581900977037
06073008201,82.01,Census Tract 82.01,129688.0,6.0,6.825938566552901,3.299203640500569,1763,69.72652410469887
06073020035,200.35,Census Tract 200.35,172092.0,2.4,0.5840071877807728,5.795148247978436,6246,82.4632633764595
06073020032,200.32,Census Tract 200.32,163000.0,2.1,2.074074074074074,0.0,3313,89.98960956565635
06073020033,200.33,Census Tract 200.33,115682.0,9.3,1.7241379310344827,1.7241379310344827,4259,72.72321003813104
06073020030,200.30,Census Tract 200.30,180625.0,12.7,6.7201221840397105,0.8018327605956471,8502,76.74651025347522
06073008377,83.77,Census Tract 83.77,79444.0,29.7,14.536082474226806,2.0618556701030926,1927,33.3962968241358
06073008379,83.79,Census Tract 83.79,65625.0,36.6,26.318593500266385,7.778369738945125,4035,1.676177566867842
06073018202,182.02,Census Tract 182.02,82875.0,14.7,1.6170212765957446,2.9787234042553195,3520,60.12437838427741
06073018616,186.16,Census Tract 186.16,66733.0,11.8,10.575635876840696,8.634538152610443,3333,40.1747720072711
06073010018,100.18,Census Tract 100.18,139643.0,2.4,2.3629489603024574,1.3232514177693762,6695,83.09920554142616
06073005102,51.02,Census Tract 51.02,85541.0,16.9,20.48417132216015,8.845437616387338,4673,27.5079665691253
06073005101,51.01,Census Tract 51.01,64155.0,25.5,19.284294234592444,1.4579191517561298,3618,30.59483475569646
06073017901,179.01,Census Tract 179.01,72901.0,10.0,9.631578947368421,0.4736842105263158,3956,58.53406041049012
06073022102,221.02,Census Tract 221.02,143056.0,7.3,1.3818181818181818,1.3454545454545455,7322,80.20973796937515
06073017070,170.70,Census Tract 170.70,195865.0,4.8,3.642172523961661,0.8306709265175719,5322,89.84392399334259
06073008380,83.80,Census Tract 83.80,92583.0,12.2,0.43747721472839957,0.5103900838497994,6512,69.76012449964372
06073018301,183.01,Census Tract 183.01,72230.0,3.7,3.731343283582089,1.3059701492537312,889,69.11798951250867
06073017902,179.02,Census Tract 179.02,72863.0,22.6,0.0,11.204911742133538,2869,38.196884862871805
06073007912,79.12,Census Tract 79.12,113724.0,4.9,5.3627760252365935,0.0,1795,75.56323137871566
06073007602,76.02,Census Tract 76.02,129764.0,12.8,12.081984897518879,1.9417475728155338,1435,60.22748494495451
06073013327,133.27,Census Tract 133.27,144328.0,8.8,7.893175074183977,1.8991097922848663,5851,70.9736690193151
06073017606,176.06,Census Tract 176.06,97412.0,6.0,3.869407496977025,4.836759371221282,3600,64.75673506197273
06073017605,176.05,Census Tract 176.05,135797.0,7.2,9.83858570330515,5.380476556495004,3745,62.64207369208716
06073013321,133.21,Census Tract 133.21,148068.0,9.4,0.44943820224719105,0.0,8375,82.55652249879822
06073020038,200.38,Census Tract 200.38,157069.0,7.5,0.0,1.2566137566137565,5232,84.04443248583031
06073000301,3.01,Census Tract 3.01,79605.0,15.5,8.991228070175438,4.312865497076023,2487,48.42710983008829
06073005103,51.03,Census Tract 51.03,24125.0,42.8,40.66073697585769,22.61753494282084,3045,0.0
06073020712,207.12,Census Tract 207.12,135163.0,6.7,2.3537323470073974,0.0,4177,80.79033328465371
06073005401,54.01,Census Tract 54.01,185814.0,6.5,13.705583756345177,0.0,1813,77.14235226638375
06073005601,56.01,Census Tract 56.01,58924.0,28.1,33.87710712343665,13.594344752582927,2525,0.0
06073000302,3.02,Census Tract 3.02,89850.0,10.0,4.455724760293289,4.906937394247039,2925,59.05622796282493
06073001801,18.01,Census Tract 18.01,70682.0,7.6,2.1691973969631237,1.0845986984815619,1805,67.37999521057603
06073015002,150.02,Census Tract 150.02,59313.0,18.2,13.835956917978459,0.0,2876,45.012706776219474
06073015001,150.01,Census Tract 150.01,79883.0,27.1,2.697616060225847,6.398996235884567,4466,40.94432485720182
06073014701,147.01,Census Tract 147.01,97788.0,10.0,4.825737265415549,2.4128686327077746,3698,64.46430003100264
06073014702,147.02,Census Tract 147.02,115790.0,2.0,5.62003665241295,14.294441050702506,4251,52.63442246994436
06073010201,102.01,Census Tract 102.01,108250.0,30.5,3.940455341506129,1.5761821366024518,3562,49.90093657332443
06073020711,207.11,Census Tract 207.11,146250.0,7.7,1.5384615384615385,0.6477732793522267,3626,81.46185910642204
06073010202,102.02,Census Tract 102.02,103247.0,9.2,2.814814814814815,13.111111111111112,3473,49.102269629203185
06073009307,93.07,Census Tract 93.07,114604.0,9.9,4.666917576213775,0.0,4328,71.88589531408832
06073021002,210.02,Census Tract 210.02,104274.0,3.6,2.512562814070352,0.0,1649,78.26579839229308
06073009203,92.03,Census Tract 92.03,128707.0,13.5,0.0,0.0,4302,76.03328847197861
06073009204,92.04,Census Tract 92.04,163877.0,2.6,1.9345238095238095,1.1160714285714286,4133,87.82761537701202
06073009308,93.08,Census Tract 93.08,87995.0,3.1,10.43956043956044,4.761904761904762,4224,58.820016344590016
06073007401,74.01,Census Tract 74.01,81477.0,10.5,7.360226468506724,1.840056617126681,2745,59.53563136764887
06073007303,73.03,Census Tract 73.03,115000.0,4.0,0.7592190889370932,0.0,1712,81.60926421417258
06073021401,214.01,Census Tract 214.01,102350.0,10.1,2.327127659574468,0.5319148936170213,4242,71.23272115599477
06073021501,215.01,Census Tract 215.01,,0.9,1.6921837228041903,0.0,3892,89.31877153694795
06073005201,52.01,Census Tract 52.01,105271.0,14.3,12.748424624333495,5.138148327678139,3207,48.27407762390867
06073005403,54.03,Census Tract 54.03,140388.0,3.3,9.003215434083602,0.0,2407,77.55263751634202
06073005402,54.02,Census Tract 54.02,131332.0,12.1,9.935532802427002,0.0,4506,66.95182813505632
06073005301,53.01,Census Tract 53.01,74775.0,22.8,26.025316455696203,8.556962025316455,3313,14.782531336976449
06073005802,58.02,Census Tract 58.02,143182.0,5.2,3.0623608017817374,4.955456570155902,2830,73.84886607428727
06073005801,58.01,Census Tract 58.01,100909.0,10.4,17.845659163987136,1.4469453376205788,1703,52.19566461023886
06073004102,41.02,Census Tract 41.02,75000.0,41.1,3.755868544600939,2.3474178403755865,2169,33.41398781007149
06073000902,9.02,Census Tract 9.02,83678.0,14.7,15.79626047711154,10.444874274661508,2661,31.43891559828513
06073004101,41.01,Census Tract 41.01,56931.0,6.6,6.569664902998236,2.8659611992945324,4163,58.00191006942713
06073005202,52.02,Census Tract 52.02,58140.0,27.2,28.797846889952154,7.326555023923445,5108,7.146659097483395
06073001202,12.02,Census Tract 12.02,102857.0,15.9,4.825581395348837,4.651162790697675,2966,55.89273980063025
06073000901,9.01,Census Tract 9.01,106133.0,13.6,11.324470704086657,5.071393402264894,3951,50.728949857157225
06073019109,191.09,Census Tract 191.09,122083.0,9.7,2.524916943521595,20.398671096345513,4300,39.046998201538926
06073017111,171.11,Census Tract 171.11,195667.0,1.9,0.0,1.1961722488038278,4321,95.77345254063279
06073017059,170.59,Census Tract 170.59,89516.0,9.7,2.540272614622057,2.168525402726146,3498,66.27278917169451
06073021402,214.02,Census Tract 214.02,97470.0,14.2,3.94842868654311,5.801772763900081,3056,55.4340506609774
06073020042,200.42,Census Tract 200.42,110199.0,3.4,4.670169293636894,1.1675423234092235,4452,75.00317850856646
06073017112,171.12,Census Tract 171.12,201667.0,2.5,3.592814371257485,0.0,2268,94.47150837909491
06073020031,200.31,Census Tract 200.31,119681.0,9.4,0.7640449438202248,0.0,6575,77.44228678771974
06073017113,171.13,Census Tract 171.13,125595.0,1.2,1.1563876651982379,2.4229074889867843,5544,81.17603303008957
06073013323,133.23,Census Tract 133.23,167715.0,4.4,0.0,0.0,7172,90.93021227219155
06073020043,200.43,Census Tract 200.43,189265.0,8.2,5.72562358276644,0.0,5468,84.84346168704884
06073016618,166.18,Census Tract 166.18,100000.0,3.3,2.735368956743003,1.3994910941475827,3592,75.06827303269895
06073020110,201.10,Census Tract 201.10,136468.0,11.0,0.2358490566037736,1.650943396226415,8900,76.40959152971185
06073001802,18.02,Census Tract 18.02,82013.0,11.8,11.478163493840986,4.087346024636059,3248,49.92263336713635
06073005302,53.02,Census Tract 53.02,86250.0,5.9,26.44119907763259,9.531129900076865,4116,29.998356346070846
06073001302,13.02,Census Tract 13.02,83659.0,8.0,3.7864077669902914,1.407766990291262,3245,66.8561283412537
06073001201,12.01,Census Tract 12.01,68750.0,10.3,12.619222303741745,4.5487894350697,2290,46.99850317037853
06073021305,213.05,Census Tract 213.05,132475.0,1.3,3.783783783783784,3.3204633204633205,3936,77.77263498049348
06073021101,211.01,Census Tract 211.01,59684.0,18.7,1.1841326228537596,13.617525162818236,4652,33.93770194927087
06073013322,133.22,Census Tract 133.22,166563.0,0.6,0.0,0.0,4594,94.21892932999762
06073015706,157.06,Census Tract 157.06,33640.0,29.7,16.727716727716725,2.8083028083028085,2551,21.973071006530386
06073015705,157.05,Census Tract 157.05,60256.0,20.7,3.6855036855036856,4.013104013104013,4270,46.71743017059633
06073015408,154.08,Census Tract 154.08,99673.0,7.1,3.843364757070341,4.713560551124003,4107,64.37819609398356
06073013425,134.25,Census Tract 134.25,188339.0,2.6,0.0,0.0,1987,96.0468134660731
06073021001,210.01,Census Tract 210.01,59885.0,6.0,4.1551246537396125,3.508771929824561,1872,60.520725355868294
06073013423,134.23,Census Tract 134.23,144375.0,1.4,4.230769230769231,13.365384615384615,3315,61.16793396848975
06073013320,133.20,Census Tract 133.20,123000.0,3.6,2.6530612244897958,0.0,6850,81.26098021268436
06073013424,134.24,Census Tract 134.24,160263.0,2.9,1.167728237791932,0.583864118895966,6647,88.73424508486055
06073016403,164.03,Census Tract 164.03,81083.0,11.1,9.47176684881603,1.0321797207043109,5428,58.07295039806082
06073020812,208.12,Census Tract 208.12,51121.0,3.8,0.6234413965087282,2.7431421446384037,2217,66.2786031492973
06073021102,211.02,Census Tract 211.02,52212.0,33.9,4.59652706843718,13.381001021450459,2966,15.465312221629027
06073010016,100.16,Census Tract 100.16,,,,,3217,
06073013316,133.16,Census Tract 133.16,141364.0,5.2,3.2056990204808544,0.0,7733,82.2808068474845
06073019111,191.11,Census Tract 191.11,125366.0,10.9,0.24650780608052586,5.587510271158587,4504,67.55843536775811
06073019110,191.10,Census Tract 191.10,130402.0,7.0,1.3651877133105803,2.7986348122866893,5108,75.76752226743474
06073013315,133.15,Census Tract 133.15,139476.0,8.4,0.0,0.0,3893,82.51735750539792
06073018615,186.15,Census Tract 186.15,66580.0,8.3,0.0,8.111239860950175,3191,55.79754649575476
06073020040,200.40,Census Tract 200.40,140746.0,10.0,7.956844234659474,9.912339851652057,4095,54.82138917580433
06073013608,136.08,Census Tract 136.08,84926.0,18.9,15.863840719332048,9.633911368015415,3881,29.18168964637703
06073013607,136.07,Census Tract 136.07,80885.0,4.7,2.2411953041622197,7.150480256136606,2301,60.788189218982474
06073008202,82.02,Census Tract 82.02,105094.0,5.5,37.7845220030349,14.41578148710167,1196,12.429550001168922
06073013422,134.22,Census Tract 134.22,149167.0,3.8,1.5718562874251496,1.721556886227545,4213,83.56283179036971
06073017062,170.62,Census Tract 170.62,246078.0,2.6,0.8871989860583016,0.0,4976,100.0
06073020310,203.10,Census Tract 203.10,119141.0,8.1,0.0,0.6184770003865481,9136,78.26384347225851
06073017308,173.08,Census Tract 173.08,113239.0,9.2,8.745583038869258,2.7385159010600706,2288,62.94727191481926
06073020311,203.11,Census Tract 203.11,108821.0,13.0,7.83657066309444,6.764902880107167,3841,52.48475038080252
06073017066,170.66,Census Tract 170.66,197794.0,10.1,0.6772009029345373,5.643340857787811,5405,79.89866228324023
06073019108,191.08,Census Tract 191.08,96621.0,11.3,1.0817307692307692,6.490384615384616,2344,59.83086784543605
06073013326,133.26,Census Tract 133.26,179425.0,0.9,0.0,0.0,3860,96.10620661732398
06073022101,221.01,Census Tract 221.01,156678.0,2.9,0.0,1.301775147928994,2279,88.11316138165874
06073010019,100.19,Census Tract 100.19,131316.0,4.8,0.0,0.5545286506469501,3568,83.44949165801187
06073016703,167.03,Census Tract 167.03,107202.0,5.9,2.3126734505087883,4.6253469010175765,2986,68.56664754691812
06073020034,200.34,Census Tract 200.34,240587.0,1.8,0.0,0.0,2560,100.0
06073016705,167.05,Census Tract 167.05,63523.0,8.4,10.25081788440567,7.088331515812432,4893,45.879168395736095
06073020312,203.12,Census Tract 203.12,111906.0,3.6,5.531112507856694,5.153991200502828,4180,67.01611216607881
06073020313,203.13,Census Tract 203.13,54900.0,15.9,8.943781942078365,7.155025553662692,2575,38.858279169055095
06073019210,192.10,Census Tract 192.10,74038.0,14.1,0.9793253536452665,4.896626768226333,6318,56.440186461937444
06073020111,201.11,Census Tract 201.11,167534.0,1.2,3.11787072243346,1.4448669201520912,3858,87.84829525808313
06073020039,200.39,Census Tract 200.39,152083.0,5.2,0.0,0.0,2038,87.56921998265656
06073020044,200.44,Census Tract 200.44,207500.0,7.2,1.330671989354624,0.5322687957418496,9367,92.64994793314843
06073020036,200.36,Census Tract 200.36,71555.0,21.7,1.9230769230769231,5.096153846153846,3649,47.673524664240446
06073016706,167.06,Census Tract 167.06,82200.0,18.1,2.608695652173913,0.0,2870,61.16241735794385
06073019305,193.05,Census Tract 193.05,76768.0,5.1,4.810996563573884,2.6345933562428407,4010,65.0392160675842
06073019304,193.04,Census Tract 193.04,103207.0,4.8,0.79155672823219,2.8144239226033423,3328,73.80748064469624
06073019209,192.09,Census Tract 192.09,141136.0,13.6,3.3396946564885495,3.9122137404580157,2899,67.37769325102354
06073020813,208.13,Census Tract 208.13,115163.0,4.2,0.822481151473612,4.660726525017135,6109,73.0200727735116
06073016404,164.04,Census Tract 164.04,46737.0,36.6,10.485651214128035,12.582781456953644,4092,7.0982336015010645
06073016812,168.12,Census Tract 168.12,79861.0,7.9,9.367088607594937,2.0253164556962027,2793,59.131535773818925
06073009109,91.09,Census Tract 91.09,177500.0,0.0,0.0,0.0,3378,96.60737275273661
06073007402,74.02,Census Tract 74.02,131159.0,8.6,3.868103994927077,6.467977171845275,3806,65.12109359432833
06073016621,166.21,Census Tract 166.21,140250.0,10.6,0.0,1.1851851851851851,4064,78.50433304076972
06073016620,166.20,Census Tract 166.20,100000.0,5.2,1.3215859030837005,0.0,2441,77.37632897962519
06073016813,168.13,Census Tract 168.13,102813.0,9.6,1.565217391304348,8.434782608695652,3287,58.41429446686327
06073016704,167.04,Census Tract 167.04,116711.0,7.0,3.4987794955248166,4.67860048820179,7549,67.7715647612017
06073018805,188.05,Census Tract 188.05,135717.0,4.6,2.9093369418132613,3.585926928281461,3977,75.7680829090174
06073016619,166.19,Census Tract 166.19,83976.0,9.5,4.216216216216216,5.081081081081082,4508,58.47492421728867
06073018804,188.04,Census Tract 188.04,126161.0,1.3,6.110572259941804,0.8244422890397671,4928,78.66018139146884
06073018620,186.20,Census Tract 186.20,83333.0,5.9,1.3201320132013201,1.3201320132013201,2095,71.56535493738151
06073018525,185.25,Census Tract 185.25,159688.0,3.5,0.7851534618129907,1.4989293361884368,4003,86.86156805294445
06073018524,185.24,Census Tract 185.24,89779.0,19.2,3.0421216848673946,3.58814352574103,3660,54.517497073142
06073018522,185.22,Census Tract 185.22,124119.0,3.0,2.509760178471835,2.509760178471835,5036,77.6505802515267
06073017067,170.67,Census Tract 170.67,223977.0,7.6,4.171494785631518,0.4634994206257242,2894,92.08707938208116
06073019811,198.11,Census Tract 198.11,125000.0,6.2,2.826267664172901,1.2468827930174564,5977,76.78838592011014
06073018619,186.19,Census Tract 186.19,173072.0,1.4,0.0,0.0,4941,94.58001059711002
06073018617,186.17,Census Tract 186.17,130500.0,6.8,0.30364372469635625,1.3157894736842104,3335,79.78302897888598
06073018618,186.18,Census Tract 186.18,76573.0,13.7,6.334371754932502,4.257528556593977,3982,52.55582008054027
06073018622,186.22,Census Tract 186.22,75085.0,20.5,8.35117773019272,6.423982869379015,5008,39.99251831099208
06073017063,170.63,Census Tract 170.63,121015.0,2.5,4.414587332053743,3.7747920665387076,4346,73.24499629790652
06073018520,185.20,Census Tract 185.20,93087.0,4.7,2.9088558500323205,2.9734970911441496,5394,69.60964637164643
06073018523,185.23,Census Tract 185.23,102065.0,4.2,4.3043043043043046,0.7007007007007007,4871,74.13839768179514
06073018521,185.21,Census Tract 185.21,110156.0,5.3,6.614077669902913,9.101941747572816,5427,56.900899452990174
06073017071,170.71,Census Tract 170.71,194196.0,1.2,0.893355667225014,0.0,5485,97.34280246242038
06073008381,83.81,Census Tract 83.81,202833.0,8.8,2.178030303030303,2.272727272727273,3473,86.3539878938381
06073017060,170.60,Census Tract 170.60,121205.0,9.4,2.6415094339622645,1.509433962264151,3222,72.94763391060572
06073017065,170.65,Census Tract 170.65,192317.0,3.5,2.4508223153821347,0.3869719445340213,10060,92.53080759890457
06073017064,170.64,Census Tract 170.64,208167.0,0.7,1.9538188277087036,1.3765541740674956,8518,96.52582812550916
06073017061,170.61,Census Tract 170.61,160126.0,9.0,4.178885630498534,3.2991202346041053,3335,74.97318397154928
06073019810,198.10,Census Tract 198.10,116750.0,17.7,6.436077057793345,0.7005253940455342,6625,61.91728993470057
06073008376,83.76,Census Tract 83.76,120563.0,12.3,1.0589481115425343,0.4941757853865161,6335,73.7253354646375
06073008375,83.75,Census Tract 83.75,121607.0,28.9,4.497475906379074,0.0,4306,55.83554996088023
06073017058,170.58,Census Tract 170.58,139076.0,5.4,0.5910800644814616,1.6657710908113916,4284,81.56698636051665
06073008372,83.72,Census Tract 83.72,225481.0,7.2,1.0362694300518136,0.0,3965,96.9481322575846
06073008374,83.74,Census Tract 83.74,,0.0,1.0126582278481013,0.0,4170,91.40385746028537
06073008369,83.69,Census Tract 83.69,168393.0,4.6,0.5078720162519045,0.0,4599,90.30855295058743
06073008370,83.70,Census Tract 83.70,156184.0,3.4,2.5830258302583027,0.0,3790,87.09891995225529
06073020041,200.41,Census Tract 200.41,79693.0,7.1,1.079913606911447,3.6717062634989204,2713,65.8946818223309
06073020037,200.37,Census Tract 200.37,94222.0,7.6,1.1976047904191618,4.416167664670659,4342,66.41484357580191
06073017406,174.06,Census Tract 174.06,161331.0,4.5,8.866155157715259,0.8525149190110828,2929,78.59269399894382
06073017405,174.05,Census Tract 174.05,138403.0,30.8,1.3748191027496381,3.039073806078148,4446,54.859888493048494
06073017307,173.07,Census Tract 173.07,143417.0,5.6,8.4396467124632,0.0,2158,76.5670094596739
06073017408,174.08,Census Tract 174.08,119028.0,5.2,1.7652250661959399,3.971756398940865,2530,72.96456127072233
06073017407,174.07,Census Tract 174.07,192468.0,2.4,2.5404157043879905,4.080061585835258,3282,86.83889832808497
06073008378,83.78,Census Tract 83.78,73750.0,40.9,13.563829787234042,0.0,914,26.93301775757731
06073017050,170.50,Census Tract 170.50,108424.0,11.9,4.023552502453385,1.6683022571148183,2958,66.71980604232839
06073017053,170.53,Census Tract 170.53,210104.0,1.6,0.0,0.0,3687,100.0
06073017813,178.13,Census Tract 178.13,132299.0,10.1,2.456560814859197,1.4379868184541642,4551,74.50050248062217
06073990100,9901,Census Tract 9901,,,,,0,
06073017054,170.54,Census Tract 170.54,159044.0,2.9,5.575266092245312,1.1150532184490625,5839,82.78244127657575
06073020028,200.28,Census Tract 200.28,58147.0,21.5,7.541625857002939,8.81488736532811,3681,32.818244107346764
06073010015,100.15,Census Tract 100.15,129107.0,4.9,2.205258693808312,3.477523324851569,4646,75.34225993552745
06073020810,208.10,Census Tract 208.10,134781.0,1.7,0.0,0.9535160905840285,5030,86.15681732658913
06073021900,219,Census Tract 219,42976.0,23.9,9.656084656084655,11.11111111111111,3089,21.647850205778596
06073020026,200.26,Census Tract 200.26,122750.0,3.0,0.4694835680751174,0.0,4234,84.1436259263854
06073013421,134.21,Census Tract 134.21,145000.0,6.9,1.4637904468412943,3.0816640986132513,4133,77.69801521728809
06073020811,208.11,Census Tract 208.11,134261.0,1.7,1.9900497512437811,0.9452736318407959,5934,83.9198480533738
06073021206,212.06,Census Tract 212.06,135000.0,4.5,1.6464471403812824,0.0,3358,83.54827673794637
06073017051,170.51,Census Tract 170.51,129468.0,4.2,0.7881316643486325,2.1789522484932777,4813,79.91619973519126
06073017109,171.09,Census Tract 171.09,237402.0,1.4,0.0,0.0,6400,100.0
06073003103,31.03,Census Tract 31.03,99919.0,7.2,5.28169014084507,5.28169014084507,6462,61.74399960550119
06073003105,31.05,Census Tract 31.05,108068.0,10.1,0.6552006552006553,1.0647010647010646,4343,73.05614185209869
06073019809,198.09,Census Tract 198.09,132650.0,2.6,3.214069132807762,5.033353547604609,4289,74.15623886367588
06073020029,200.29,Census Tract 200.29,71301.0,20.8,8.598351001177857,9.579897919120533,6897,33.14879854451906
06073020309,203.09,Census Tract 203.09,107313.0,8.1,0.0,0.4626569729015202,4428,76.55511198171811
06073021205,212.05,Census Tract 212.05,96402.0,14.6,4.337899543378995,6.69710806697108,7168,52.85752407942691
06073000400,4,Census Tract 4,89565.0,7.8,13.551215623754484,5.181347150259067,4079,50.63984473020934
06073000500,5,Census Tract 5,101875.0,5.0,8.842239185750635,4.071246819338422,2828,62.388893096796416
06073000600,6,Census Tract 6,99161.0,4.7,9.260244811069718,7.07823310271421,3111,56.356382451708235
06073002902,29.02,Census Tract 29.02,75729.0,15.5,5.604947816003093,6.996521066872825,5979,46.642087839585656
06073002903,29.03,Census Tract 29.03,93344.0,11.9,5.71608040201005,1.6959798994974875,4606,62.294302911111636
06073019903,199.03,Census Tract 199.03,105089.0,5.5,0.33783783783783783,2.2972972972972974,4779,74.90390239140606
06073000800,8,Census Tract 8,92348.0,7.3,4.796411318150449,8.592132505175984,5105,54.96621493316191
06073017022,170.22,Census Tract 170.22,129265.0,2.3,4.582951420714941,1.1915673693858846,5545,79.26811680644705
06073009901,99.01,Census Tract 99.01,,0.0,0.0,0.0,1462,92.872324998947
06073017045,170.45,Census Tract 170.45,228250.0,2.0,1.0037641154328731,1.0037641154328731,2276,100.0
06073013503,135.03,Census Tract 135.03,99470.0,12.0,1.7857142857142856,0.8403361344537815,5992,69.0426975931131
06073020017,200.17,Census Tract 200.17,62702.0,10.2,8.5,5.5,3171,48.846310907744844
06073015403,154.03,Census Tract 154.03,156635.0,2.4,2.5791324736225087,5.3927315357561545,2700,78.4171648501166
06073010103,101.03,Census Tract 101.03,57500.0,24.7,7.41733690795353,10.411081322609473,6592,27.047469395607052
06073018504,185.04,Census Tract 185.04,82279.0,4.0,1.0752688172043012,2.729528535980149,6775,70.86625310808256
06073020801,208.01,Census Tract 208.01,155556.0,7.0,0.0,4.046563192904657,5258,79.2412298183127
06073018608,186.08,Census Tract 186.08,127315.0,2.4,1.9920318725099602,2.091633466135458,3327,80.05117768892428
06073005900,59,Census Tract 59,87813.0,8.9,19.549592716818402,3.92908481073311,3187,45.06093453695813
06073020500,205,Census Tract 205,76989.0,14.4,4.325883201153569,9.084354722422495,4457,45.50605921493919
06073019001,190.01,Census Tract 190.01,128244.0,7.9,4.330175913396482,7.081641858367163,6497,63.66867711622972
06073009505,95.05,Census Tract 95.05,111890.0,5.3,0.0,2.6409707351891507,6159,75.98112967484923
06073003208,32.08,Census Tract 32.08,82594.0,10.5,5.809945839487937,4.579025110782865,6749,56.493899013484274
06073013414,134.14,Census Tract 134.14,143600.0,7.0,3.205381875741987,1.5829046299960428,7570,78.16668817898118
06073013415,134.15,Census Tract 134.15,160804.0,0.3,4.329896907216495,0.0,1497,88.81659574164058
06073013416,134.16,Census Tract 134.16,122210.0,2.3,0.0,1.7784963621665322,4411,82.01311122640017
06073013417,134.17,Census Tract 134.17,152700.0,4.0,2.4096385542168677,2.710843373493976,2140,81.28686353314397
06073013418,134.18,Census Tract 134.18,82440.0,12.3,2.8310502283105023,4.748858447488584,5874,57.753465564888565
06073018517,185.17,Census Tract 185.17,90478.0,5.6,3.5058430717863103,1.3912075681691707,4014,70.53670761286229
06073018518,185.18,Census Tract 185.18,103317.0,4.0,7.311586051743532,9.223847019122609,3315,55.96517054838238
06073018519,185.19,Census Tract 185.19,79851.0,5.9,3.2774945375091042,4.151493080844865,6001,63.76982430577587
06073018601,186.01,Census Tract 186.01,116842.0,3.3,1.1126564673157162,1.1821974965229485,4648,80.05435164122434
06073008303,83.03,Census Tract 83.03,227275.0,8.2,1.0711553175210407,1.9892884468247896,3021,92.72522732675148
06073006200,62,Census Tract 62,,,,,31,
06073012200,122,Census Tract 122,60500.0,14.7,2.4838012958963285,5.831533477321814,3355,50.300393905408136
06073020706,207.06,Census Tract 207.06,181521.0,6.5,3.4074775201135825,3.4074775201135825,6085,81.50539118462072
06073000700,7,Census Tract 7,109484.0,7.2,10.050251256281408,5.914186316196367,4371,57.03061300369067
06073013505,135.05,Census Tract 135.05,122422.0,13.8,3.508771929824561,1.954887218045113,5948,67.37732868695828
06073013506,135.06,Census Tract 135.06,102031.0,13.2,0.0,9.12863070539419,4330,55.440810587915465
06073013604,136.04,Census Tract 136.04,103606.0,5.2,1.8145161290322582,1.310483870967742,6097,75.09452493706688
06073013802,138.02,Census Tract 138.02,79583.0,11.2,3.218390804597701,6.321839080459771,3261,55.0369779346303
06073018609,186.09,Census Tract 186.09,83807.0,14.2,8.451472191930206,0.38167938931297707,6374,57.967084326841885
06073001000,10,Census Tract 10,86443.0,8.4,6.492508643872455,4.341144832885132,4622,58.74999178722439
06073001100,11,Census Tract 11,94007.0,3.8,3.245192307692308,4.026442307692308,2939,68.3335864819941
06073019406,194.06,Census Tract 194.06,83590.0,8.2,8.413461538461538,7.271634615384616,4760,51.10517825284603
06073001400,14,Census Tract 14,94156.0,9.7,7.490431930016403,4.319300164024057,3341,57.809146248516484
06073001500,15,Census Tract 15,110380.0,4.2,3.233956543708944,5.558362809499747,3934,67.98236310251833
06073013905,139.05,Census Tract 139.05,127019.0,3.3,0.0,3.2539682539682544,4748,79.25712815927515
06073013907,139.07,Census Tract 139.07,59621.0,17.2,4.12621359223301,0.0,3718,56.541058268280004
06073013908,139.08,Census Tract 139.08,87188.0,9.5,6.313993174061433,6.484641638225256,4133,54.21443770565555
06073013909,139.09,Census Tract 139.09,96767.0,8.2,5.676567656765676,4.224422442244224,4872,61.76570252251555
06073014001,140.01,Census Tract 140.01,78529.0,12.0,3.4722222222222223,1.9570707070707072,5064,61.68395477798027
06073019206,192.06,Census Tract 192.06,97939.0,7.1,3.5294117647058822,4.290657439446367,5865,65.18712270475889
06073019404,194.04,Census Tract 194.04,79896.0,19.0,6.041131105398458,1.6709511568123392,3232,53.21844182264503
06073019405,194.05,Census Tract 194.05,76382.0,5.5,4.793510324483776,7.448377581120943,3969,55.987581595653126
06073001700,17,Census Tract 17,90404.0,9.1,4.412371134020619,2.6804123711340204,4846,64.01718120666801
06073014002,140.02,Census Tract 140.02,77500.0,11.7,6.61641541038526,6.197654941373535,4132,50.75583621131239
06073014101,141.01,Census Tract 141.01,98750.0,4.2,4.761904761904762,4.00604686318972,4050,67.15140691443531
06073014102,141.02,Census Tract 141.02,103617.0,11.2,4.3478260869565215,4.8204158790170135,3368,60.543496393265116
06073014200,142,Census Tract 142,104693.0,10.2,1.0653080129689672,5.974988420565077,7177,63.138721865777676
06073014601,146.01,Census Tract 146.01,71667.0,17.6,15.113240418118467,6.837979094076655,4899,33.97822978436857
06073015704,157.04,Census Tract 157.04,47750.0,22.6,8.72905027932961,2.7234636871508378,4730,39.7030968979224
06073019501,195.01,Census Tract 195.01,82750.0,15.3,10.037174721189592,2.973977695167286,3447,50.40441067751821
06073001600,16,Census Tract 16,63003.0,21.7,9.167033935654473,9.122961657117672,5065,31.13063044695601
06073019502,195.02,Census Tract 195.02,60078.0,18.8,7.88623141564318,2.8442146089204914,5732,45.957833338420905
06073019804,198.04,Census Tract 198.04,148618.0,3.8,0.6472491909385114,1.6828478964401297,4433,84.54559851580667
06073019805,198.05,Census Tract 198.05,87266.0,6.6,11.007338225483656,10.073382254836558,4111,45.34011104622071
06073017810,178.10,Census Tract 178.10,145188.0,4.1,1.638530287984111,3.227408142999007,4983,79.84397363923331
06073021302,213.02,Census Tract 213.02,127074.0,8.9,0.5502063273727648,4.05777166437414,6735,72.0934853898772
06073009504,95.04,Census Tract 95.04,,3.5,1.3134851138353765,3.239929947460595,6178,78.93817642957184
06073019205,192.05,Census Tract 192.05,62459.0,6.6,8.193384223918574,8.142493638676845,6072,47.6955978601857
06073017041,170.41,Census Tract 170.41,141361.0,1.9,1.0101010101010102,2.3391812865497075,5697,83.49428982128819
06073020903,209.03,Census Tract 209.03,69831.0,17.2,3.2663316582914574,8.12395309882747,3066,44.612745371942616
06073008347,83.47,Census Tract 83.47,145714.0,4.0,1.4356435643564358,0.0,6704,86.03685717721862
06073014300,143,Census Tract 143,87547.0,11.0,3.3051498847040737,6.456571867794005,4510,56.22291116819915
06073014500,145,Census Tract 145,81058.0,12.7,1.6242937853107344,10.38135593220339,4019,48.3584994022519
06073014804,148.04,Census Tract 148.04,82625.0,7.5,3.1031031031031033,3.4034034034034035,4281,64.30213710869194
06073010800,108,Census Tract 108,132000.0,4.9,3.771551724137931,0.0,2474,80.36615823098286
06073008902,89.02,Census Tract 89.02,104558.0,13.3,3.251625812906453,0.80040020010005,3485,67.18406082197912
06073007100,71,Census Tract 71,148464.0,8.3,2.056432329029173,2.34337637494022,4296,77.67780102719611
06073006802,68.02,Census Tract 68.02,89634.0,21.7,10.069317767238234,5.5819044144472825,6017,40.98125897116745
06073020023,200.23,Census Tract 200.23,102574.0,5.1,0.0,6.211180124223603,4055,68.19094175318591
06073018803,188.03,Census Tract 188.03,101161.0,15.4,1.8448182311448724,0.9224091155724362,4697,65.9995814949423
06073013701,137.01,Census Tract 137.01,120464.0,8.3,10.538373424971363,5.612829324169531,2393,57.87834474280343
06073020904,209.04,Census Tract 209.04,82990.0,6.0,0.07849293563579278,6.5149136577708004,2562,63.44347437138819
06073016806,168.06,Census Tract 168.06,83060.0,12.2,2.4558710667689945,3.453568687643899,4172,60.6820017415377
06073019602,196.02,Census Tract 196.02,110625.0,13.6,8.500303582270794,11.293260473588344,5882,43.38935508890046
06073019203,192.03,Census Tract 192.03,138000.0,5.5,1.1933174224343674,0.47732696897374705,2793,82.77235284623434
06073021204,212.04,Census Tract 212.04,138061.0,8.6,0.7322175732217573,2.562761506276151,5941,76.70052028167586
06073003207,32.07,Census Tract 32.07,109704.0,6.0,1.054481546572935,17.926186291739896,5768,46.39326591075618
06073019107,191.07,Census Tract 191.07,159375.0,7.3,4.105263157894737,3.1578947368421053,3018,76.73836565254832
06073015802,158.02,Census Tract 158.02,62292.0,22.0,13.868116927260369,9.585316111488783,4276,24.793582011364396
06073005000,50,Census Tract 50,39050.0,21.8,25.898203592814372,8.532934131736528,1897,9.874665473400704
06073014803,148.03,Census Tract 148.03,72500.0,11.3,9.935004642525534,2.9247910863509747,4464,52.546359175864495
06073003003,30.03,Census Tract 30.03,84622.0,15.8,1.9533711405166982,5.797101449275362,4926,53.98611401105484
06073013702,137.02,Census Tract 137.02,92566.0,9.6,0.0,0.9950248756218906,5417,71.74597511074336
06073017106,171.06,Census Tract 171.06,242625.0,3.3,0.7033248081841432,0.7033248081841432,4331,100.0
06073016902,169.02,Census Tract 169.02,116250.0,9.6,0.39370078740157477,3.4120734908136483,2395,70.96143036187864
06073017010,170.10,Census Tract 170.10,201875.0,2.8,0.9355509355509356,4.46985446985447,3057,89.09959369777748
06073016811,168.11,Census Tract 168.11,120107.0,7.6,5.2976190476190474,5.416666666666667,4770,64.51162918640719
06073020708,207.08,Census Tract 207.08,162688.0,5.6,3.932151117964534,0.6939090208172706,3755,83.46354902133623
06073008313,83.13,Census Tract 83.13,242083.0,6.4,4.826732673267327,1.3613861386138615,2214,93.9064918765774
06073018700,187,Census Tract 187,62998.0,9.1,1.2728832951945082,1.387299771167048,40481,65.1451982016173
06073019701,197.01,Census Tract 197.01,90234.0,9.0,2.0968356843309186,5.2992756385817765,7374,61.898564720553914
06073020405,204.05,Census Tract 204.05,154018.0,4.6,0.0,1.694915254237288,3422,85.40252897922254
06073013906,139.06,Census Tract 139.06,70833.0,18.7,9.727164887307236,7.71055753262159,5022,37.1217816636629
06073006801,68.01,Census Tract 68.01,90531.0,9.5,5.035054174633524,2.8680688336520075,3299,62.657961822436604
06073009802,98.02,Census Tract 98.02,107429.0,12.3,2.720527617477329,3.9571310799670236,7026,63.495408915104804
06073018801,188.01,Census Tract 188.01,101625.0,10.1,1.2048192771084338,3.2931726907630523,3454,67.37587652695554
06073002301,23.01,Census Tract 23.01,76884.0,8.3,10.855949895615867,3.2707028531663185,3190,54.41018303190814
06073002302,23.02,Census Tract 23.02,46806.0,19.6,27.946954813359525,18.172888015717092,5882,0.0
06073002401,24.01,Census Tract 24.01,75813.0,19.6,8.038976857490866,6.394640682095005,4314,41.33187869541482
06073002402,24.02,Census Tract 24.02,54944.0,17.9,16.733755031627375,7.303047728579644,4951,28.2949452455192
06073002501,25.01,Census Tract 25.01,76208.0,25.7,11.279826464208242,6.146059291395517,4878,32.72957778943786
06073002705,27.05,Census Tract 27.05,75703.0,18.9,7.133421400264201,10.766182298546896,4756,35.0942316261445
06073002707,27.07,Census Tract 27.07,45529.0,34.3,14.258555133079847,23.76425855513308,4980,0.0
06073002708,27.08,Census Tract 27.08,41119.0,21.4,20.756756756756754,12.54054054054054,4789,8.98843419309014
06073002709,27.09,Census Tract 27.09,53520.0,36.8,14.770797962648558,9.507640067911714,3800,8.913660492459353
06073003114,31.14,Census Tract 31.14,110081.0,9.6,3.0201342281879198,5.033557046979865,3482,64.15786510227062
06073003115,31.15,Census Tract 31.15,85156.0,16.4,16.012084592145015,10.81570996978852,5613,29.229215489488787
06073014400,144,Census Tract 144,46250.0,14.7,11.87683284457478,7.038123167155426,4439,35.52370891821064
06073001900,19,Census Tract 19,131619.0,10.5,7.920154539600772,0.7083065035415326,3343,69.38704914038746
06073002001,20.01,Census Tract 20.01,188306.0,7.0,0.9234828496042217,1.1873350923482848,3566,88.87378959596197
06073009509,95.09,Census Tract 95.09,105272.0,2.3,6.674519042010207,0.0,5744,75.09843343342497
06073010012,100.12,Census Tract 100.12,86111.0,9.1,15.057283142389524,9.165302782324058,4605,40.07996562037333
06073011902,119.02,Census Tract 119.02,76685.0,8.8,15.894039735099339,16.16997792494481,6135,25.28912149998647
06073012401,124.01,Census Tract 124.01,81538.0,6.8,4.692832764505119,10.665529010238908,3151,49.99874729726267
06073013903,139.03,Census Tract 139.03,128289.0,5.4,10.732113144758735,8.48585690515807,3928,56.48452153819579
06073015200,152,Census Tract 152,154196.0,2.0,1.3167013167013166,3.049203049203049,3955,83.95259666902042
06073015301,153.01,Census Tract 153.01,61282.0,25.4,7.992895204262878,4.440497335701599,3591,37.13107513858432
06073015405,154.05,Census Tract 154.05,137048.0,3.3,4.067796610169491,0.3389830508474576,5653,81.75047336376632
06073017046,170.46,Census Tract 170.46,174526.0,3.5,0.5710206995003569,0.6423982869379015,3858,91.12603620989624
06073016809,168.09,Census Tract 168.09,82206.0,15.5,10.233592880978867,5.394883203559511,5539,45.57130800067963
06073016901,169.01,Census Tract 169.01,119669.0,4.1,5.679427850231384,0.5889777029869584,7227,75.89435275606104
06073017044,170.44,Census Tract 170.44,197917.0,2.8,1.3297872340425532,0.5851063829787234,5584,94.97733337732001
06073017049,170.49,Census Tract 170.49,107917.0,9.1,5.856832971800434,8.785249457700651,2793,54.43405702647427
06073008310,83.10,Census Tract 83.10,153897.0,2.7,3.1315240083507305,1.7954070981210855,6250,83.53723125791146
06073020025,200.25,Census Tract 200.25,86080.0,13.4,1.288244766505636,2.4691358024691357,5357,63.12662133919546
06073020106,201.06,Census Tract 201.06,93509.0,16.6,2.7728085867620753,1.7889087656529516,3730,61.049167158903686
06073015406,154.06,Census Tract 154.06,153583.0,5.9,0.7255139056831923,1.2091898428053205,2628,84.22072651056965
06073015100,151,Census Tract 151,99000.0,5.3,1.805869074492099,0.33860045146726864,4937,75.9822021531674
06073016608,166.08,Census Tract 166.08,133092.0,8.4,2.5031289111389237,2.5031289111389237,2646,74.22948283693466
06073020021,200.21,Census Tract 200.21,83706.0,10.4,3.665241295051924,1.6493585827733657,5287,64.36283266559225
06073020024,200.24,Census Tract 200.24,85714.0,6.3,13.205128205128206,6.602564102564103,4203,49.19285546971972
06073009103,91.03,Census Tract 91.03,153807.0,4.1,4.361370716510903,2.4299065420560746,4138,79.76283645857332
06073008328,83.28,Census Tract 83.28,,4.9,2.0448289421942585,0.5505308690523004,7766,82.60248153896235
06073006500,65,Census Tract 65,69057.0,23.9,32.49686323713927,13.864491844416563,3554,0.0
06073008305,83.05,Census Tract 83.05,41776.0,28.5,25.591397849462368,1.5053763440860215,7705,17.13883246435083
06073004501,45.01,Census Tract 45.01,77444.0,9.4,11.714659685863875,6.0863874345549736,2850,47.50909849047511
06073003204,32.04,Census Tract 32.04,118750.0,8.8,5.88235294117647,7.30550284629981,3605,59.15800753424336
06073016609,166.09,Census Tract 166.09,122873.0,7.1,4.069478908188586,2.8287841191067,5935,71.41494602161708
06073020108,201.08,Census Tract 201.08,66250.0,14.3,6.11183355006502,5.006501950585176,4705,49.168457062259556
06073020109,201.09,Census Tract 201.09,102381.0,9.0,5.714285714285714,4.2105263157894735,5004,61.96024489554403
06073020202,202.02,Census Tract 202.02,47669.0,21.4,8.663594470046084,5.8986175115207375,6792,35.16198557003905
06073020206,202.06,Census Tract 202.06,71071.0,11.6,3.7993920972644375,5.015197568389058,5138,54.952593076265224
06073020207,202.07,Census Tract 202.07,61950.0,17.5,23.087339201083275,4.739336492890995,4940,27.530257355201638
06073013504,135.04,Census Tract 135.04,138304.0,2.5,0.7639419404125287,0.0,3991,86.89633315085341
06073013605,136.05,Census Tract 136.05,157344.0,3.6,1.5555555555555556,1.1111111111111112,6286,86.23401433876904
06073020015,200.15,Census Tract 200.15,185121.0,4.5,0.8119079837618403,1.7591339648173208,5818,89.72455573443226
06073009706,97.06,Census Tract 97.06,138617.0,9.0,3.369935630443014,1.0980689132904202,7197,76.18733559836232
06073019702,197.02,Census Tract 197.02,101607.0,8.8,1.4111610006414368,0.38486209108402825,4915,73.55925968710496
06073019601,196.01,Census Tract 196.01,112981.0,8.3,3.595080416272469,5.061494796594134,6887,65.161275689695
06073017047,170.47,Census Tract 170.47,180729.0,0.7,1.772816808929744,2.2324359816152333,4500,90.57410975154883
06073009704,97.04,Census Tract 97.04,114712.0,8.0,2.5118310884601383,0.8372770294867127,6587,74.48643327356953
06073015501,155.01,Census Tract 155.01,111364.0,3.8,1.0237068965517242,3.125,5591,75.28528349339642
06073019303,193.03,Census Tract 193.03,124338.0,3.2,2.7540007443245256,4.093784890212133,8511,74.39566515486787
06073019208,192.08,Census Tract 192.08,132891.0,8.2,2.670111972437554,1.2919896640826873,3682,76.37097408250287
06073020807,208.07,Census Tract 208.07,126486.0,9.6,0.0,3.4807149576669802,3234,72.98717442785404
06073020902,209.02,Census Tract 209.02,111304.0,3.5,0.7900677200902935,5.981941309255079,2282,70.67693164901931
06073003401,34.01,Census Tract 34.01,78026.0,10.8,8.7857847976308,2.9615004935834155,5794,55.11752134850736
06073017033,170.33,Census Tract 170.33,170805.0,2.8,0.0,0.5310674455655868,5723,91.96283377704069
06073020305,203.05,Census Tract 203.05,108814.0,11.6,4.443485763589301,0.6471095772217429,5812,68.4362928551841
06073020710,207.10,Census Tract 207.10,152656.0,17.1,3.588907014681892,0.6525285481239804,1763,71.68589046837513
06073009502,95.02,Census Tract 95.02,137218.0,2.4,0.5671077504725899,1.3232514177693762,4133,84.64467201736585
06073002601,26.01,Census Tract 26.01,65000.0,24.8,8.443271767810026,8.970976253298153,5994,29.685371939170324
06073002702,27.02,Census Tract 27.02,80090.0,11.6,9.802904564315353,4.460580912863071,5559,50.93479285834402
06073002602,26.02,Census Tract 26.02,58417.0,20.8,8.020603384841795,3.4584253127299487,4655,42.597324564987396
06073008311,83.11,Census Tract 83.11,,4.6,0.6578947368421052,2.725563909774436,2724,79.77560941415535
06073002710,27.10,Census Tract 27.10,58636.0,18.8,11.263736263736265,17.216117216117215,3921,16.24915323700179
06073002801,28.01,Census Tract 28.01,73795.0,40.8,9.314586994727591,4.92091388400703,4477,22.82217166561673
06073002905,29.05,Census Tract 29.05,74500.0,29.8,6.465067778936392,2.502606882168926,5310,40.46042836333848
06073003201,32.01,Census Tract 32.01,93508.0,11.4,1.8481848184818481,4.29042904290429,5488,62.33053762972391
06073003202,32.02,Census Tract 32.02,91435.0,3.5,3.5686578743211794,7.292474786656323,4891,61.962862648281686
06073020019,200.19,Census Tract 200.19,74026.0,16.8,6.926994906621392,6.349745331069609,7296,44.88737854785465
06073010005,100.05,Census Tract 100.05,35503.0,22.1,16.512549537648614,13.16600616468516,6443,10.896271551122917
06073015602,156.02,Census Tract 156.02,152917.0,14.1,4.326328800988875,0.0,2756,74.84808293124578
06073019103,191.03,Census Tract 191.03,115254.0,9.3,0.741839762611276,0.8902077151335311,5929,75.21622836938911
06073013801,138.01,Census Tract 138.01,82404.0,18.6,9.166206515737162,1.8774157923799006,5522,50.237303054714296
06073008346,83.46,Census Tract 83.46,177386.0,2.2,1.2171684817424726,0.5765534913516976,4255,92.21359433727802
06073020105,201.05,Census Tract 201.05,113875.0,6.8,9.716859716859718,3.5392535392535396,4382,62.76017291762659
06073016807,168.07,Census Tract 168.07,116955.0,8.9,2.5131282820705176,2.363090772693173,8221,71.2989689790035
06073018904,189.04,Census Tract 189.04,71307.0,16.9,5.0785340314136125,9.476439790575917,6535,40.73759579950279
06073009400,94,Census Tract 94,86774.0,7.4,0.0,4.21455938697318,4529,67.01037774972623
06073008324,83.24,Census Tract 83.24,194130.0,5.0,1.3360053440213762,1.068804275217101,7175,91.44975116774965
06073008312,83.12,Census Tract 83.12,140463.0,8.0,0.7092198581560284,2.7777777777777777,3841,77.29329090292654
06073017403,174.03,Census Tract 174.03,151518.0,2.1,2.9613960867266,3.860391327340032,4339,80.16619686103417
06073016616,166.16,Census Tract 166.16,75469.0,4.1,2.3655913978494625,8.88888888888889,3669,57.17239037241342
06073002002,20.02,Census Tract 20.02,166605.0,6.7,3.6874451273046533,1.9315188762071993,2626,81.15899656594327
06073002100,21,Census Tract 21,76648.0,13.4,4.157303370786517,5.430711610486892,5795,53.10561013398462
06073019902,199.02,Census Tract 199.02,82206.0,10.1,0.0,1.811023622047244,4234,68.08171568992722
06073002201,22.01,Census Tract 22.01,40647.0,29.5,15.929824561403509,3.6491228070175437,3145,22.6930577011985
06073002202,22.02,Census Tract 22.02,53537.0,23.8,26.409313725490197,8.21078431372549,4825,10.499492635815072
06073018511,185.11,Census Tract 185.11,75356.0,19.4,2.189001601708489,1.7084890549919913,4394,56.21081170707753
06073018516,185.16,Census Tract 185.16,107440.0,6.4,1.9093078758949882,4.295942720763723,3957,69.17831822608206
06073018903,189.03,Census Tract 189.03,73750.0,31.1,3.3292978208232444,2.663438256658596,5819,42.26477984767589
06073018905,189.05,Census Tract 189.05,78975.0,9.9,7.528641571194762,4.909983633387888,6095,53.97217627962715
06073018906,189.06,Census Tract 189.06,76410.0,10.2,4.6801872074882995,8.840353614144565,6363,49.31023636372709
06073019105,191.05,Census Tract 191.05,118636.0,8.5,2.3238380809595203,2.9610194902548725,6577,71.08090305800143
06073019301,193.01,Census Tract 193.01,112750.0,5.8,1.9876325088339222,1.0600706713780919,6359,76.34298582016778
06073019403,194.03,Census Tract 194.03,100227.0,5.9,2.085561497326203,2.8342245989304815,5487,70.85558857553248
06073019904,199.04,Census Tract 199.04,104458.0,6.5,3.3542976939203357,1.8867924528301887,5868,71.3374829248902
06073019905,199.05,Census Tract 199.05,107944.0,3.2,0.0,2.1224086870681145,5502,78.17290044329833
06073020107,201.07,Census Tract 201.07,104273.0,18.6,2.0865533230293662,0.6182380216383307,4772,63.87318690182798
06073020401,204.01,Census Tract 204.01,156806.0,3.7,0.5662514156285391,4.416761041902604,2336,81.19530206304307
06073020404,204.04,Census Tract 204.04,95543.0,5.9,1.7241379310344827,1.1494252873563218,5512,73.48492395633892
06073020705,207.05,Census Tract 207.05,126538.0,7.9,1.694915254237288,1.7719568567026194,4868,75.77713126696445
06073020805,208.05,Census Tract 208.05,111029.0,7.6,1.9469026548672566,1.6814159292035398,3358,73.33330725961109
06073020806,208.06,Census Tract 208.06,74464.0,10.7,5.716963448922212,12.18369259606373,5636,41.397090482723286
06073000100,1,Census Tract 1,211023.0,1.7,0.9066183136899365,1.6319129646418857,2746,96.77016006468295
06073016610,166.10,Census Tract 166.10,84407.0,12.0,3.681392235609103,1.3386880856760375,4560,63.554400380467676
06073016613,166.13,Census Tract 166.13,116667.0,2.1,1.680672268907563,3.9215686274509802,1939,75.59057471413465
06073016614,166.14,Census Tract 166.14,116658.0,15.0,3.7319116527037317,1.2185833968012185,3874,66.3874033300664
06073016615,166.15,Census Tract 166.15,131500.0,6.3,4.948805460750854,4.010238907849829,4151,70.5216703862466
06073017020,170.20,Census Tract 170.20,175114.0,5.3,1.053324555628703,1.4483212639894667,4097,87.60441773104459
06073003107,31.07,Census Tract 31.07,97105.0,8.2,4.031209362808843,2.1456436931079326,5307,67.34272811941338
06073003108,31.08,Census Tract 31.08,112837.0,7.2,5.288932419196866,8.71694417238002,3526,57.742561189207635
06073017809,178.09,Census Tract 178.09,114500.0,4.5,0.6711409395973155,3.3557046979865772,2479,75.14038302194733
06073018612,186.12,Census Tract 186.12,143333.0,10.2,0.84985835694051,0.0,5047,80.59190983227423
06073019503,195.03,Census Tract 195.03,82123.0,10.9,3.1191515907673115,2.30817217716781,5163,63.050070076232785
06073020208,202.08,Census Tract 202.08,104911.0,8.6,1.8300653594771243,1.4379084967320261,3567,71.9524970146308
06073020209,202.09,Census Tract 202.09,52881.0,17.9,10.32547699214366,9.31537598204265,4715,31.30619526028039
06073020210,202.10,Census Tract 202.10,64069.0,13.6,3.976608187134503,4.035087719298246,4413,53.50891760826404
06073020211,202.11,Census Tract 202.11,61327.0,14.6,14.118221787982414,9.330727894479725,5821,31.59772348108367
06073017306,173.06,Census Tract 173.06,224514.0,0.7,0.0,0.0,2564,100.0
06073008350,83.50,Census Tract 83.50,121335.0,9.1,5.142857142857142,0.6190476190476191,6334,72.12194477378742
06073002803,28.03,Census Tract 28.03,80991.0,15.6,12.223133716160788,4.1837571780147655,5207,45.28520549524479
06073002804,28.04,Census Tract 28.04,88156.0,24.7,1.2297734627831716,2.6537216828478964,5541,52.852443054143464
06073003001,30.01,Census Tract 30.01,91397.0,11.2,2.7074235807860263,9.170305676855897,4484,52.466639797855755
06073003004,30.04,Census Tract 30.04,64815.0,12.3,7.094133697135062,7.844474761255116,5260,44.59846913820647
06073003101,31.01,Census Tract 31.01,88229.0,8.6,2.140077821011673,3.599221789883268,3913,64.93209590954835
06073016617,166.17,Census Tract 166.17,46667.0,22.3,12.846347607052897,12.21662468513854,3705,18.280879952022772
06073016804,168.04,Census Tract 168.04,85321.0,12.3,2.831858407079646,2.6548672566371683,8903,61.99494666161171
06073016810,168.10,Census Tract 168.10,145268.0,6.7,0.5780346820809248,2.5433526011560694,2980,79.85578094215388
06073017006,170.06,Census Tract 170.06,170500.0,6.7,1.303538175046555,8.845437616387338,3214,71.9982111837371
06073020601,206.01,Census Tract 206.01,58569.0,15.4,3.945291951604419,3.5244608100999475,6000,51.88524826306988
06073020602,206.02,Census Tract 206.02,69756.0,21.3,6.673407482305358,3.286147623862487,6372,45.81966226886957
06073020707,207.07,Census Tract 207.07,78281.0,19.7,2.1573604060913705,2.5380710659898478,5188,54.97318152630138
06073008339,83.39,Census Tract 83.39,80417.0,34.4,8.365508365508365,0.7722007722007722,1882,38.27824753125025
06073013412,134.12,Census Tract 134.12,119348.0,3.8,2.2285714285714286,0.8,5177,79.48969287609074
06073020403,204.03,Census Tract 204.03,117417.0,7.4,2.96875,4.375,3728,68.64499965420514
06073021304,213.04,Census Tract 213.04,167500.0,2.5,2.7196652719665275,0.0,3215,89.67739388476843
06073017009,170.09,Census Tract 170.09,98403.0,1.6,2.109426499670402,0.922874093605801,4071,77.89384984174478
06073017014,170.14,Census Tract 170.14,82549.0,8.7,13.405336721728082,9.783989834815756,2612,40.5340174208947
06073017018,170.18,Census Tract 170.18,99048.0,6.8,2.631578947368421,0.33594624860022393,4273,73.72238353885723
06073017021,170.21,Census Tract 170.21,201450.0,7.4,0.0,1.0128913443830572,3228,92.03426722274298
06073017031,170.31,Census Tract 170.31,151125.0,3.2,1.5735641227380015,4.012588512981904,3451,80.32831242041328
06073017034,170.34,Census Tract 170.34,117382.0,2.4,1.7725258493353029,1.5755785327424916,5775,79.54624751884649
06073017035,170.35,Census Tract 170.35,129861.0,16.6,10.142630744849445,2.931854199683043,3406,57.093700922519616
06073017036,170.36,Census Tract 170.36,129979.0,3.2,3.4611786716557527,0.0,2993,81.92187475539177
06073017037,170.37,Census Tract 170.37,125909.0,7.4,3.354978354978355,4.004329004329004,5400,70.31775031106545
06073017039,170.39,Census Tract 170.39,123836.0,6.0,2.1664766248574687,1.596351197263398,6693,76.86638599725178
06073017040,170.40,Census Tract 170.40,150208.0,6.0,0.867244829886591,2.201467645096731,4391,81.62675715763609
06073017043,170.43,Census Tract 170.43,192895.0,4.9,4.151119402985075,0.0,5963,90.19026764546365
06073017501,175.01,Census Tract 175.01,145357.0,8.4,2.8072837632776935,0.6069802731411229,2750,79.36350824290355
06073017502,175.02,Census Tract 175.02,118611.0,10.1,0.5271084337349398,0.0,3371,76.87860927195794
06073017603,176.03,Census Tract 176.03,182361.0,2.9,0.4574565416285453,0.8234217749313815,2941,92.79164092562273
06073017701,177.01,Census Tract 177.01,124833.0,9.8,7.7796467619848615,3.6585365853658534,5706,63.74585904704196
06073017702,177.02,Census Tract 177.02,144559.0,4.5,2.3168908819133036,2.092675635276532,3264,80.67037427983394
06073017808,178.08,Census Tract 178.08,158922.0,3.0,2.972027972027972,1.6608391608391608,5802,84.52201968476663
06073017811,178.11,Census Tract 178.11,167287.0,5.2,0.4847129008202834,2.49813571961223,6590,85.11461295917779
06073018000,180,Census Tract 180,96103.0,7.0,2.4471635150166855,2.0022246941045605,3451,70.25415581334221
06073008365,83.65,Census Tract 83.65,207865.0,2.7,0.5268703898840885,0.42149631190727077,2611,97.90817757691582
06073014805,148.05,Census Tract 148.05,94479.0,13.0,4.643823264201983,1.6230838593327321,5170,62.77404308954555
06073010011,100.11,Census Tract 100.11,111429.0,5.9,3.0534351145038165,2.6717557251908395,4472,71.97766733125637
06073018400,184,Census Tract 184,80844.0,17.6,17.879161528976574,7.891491985203452,3497,30.622066361180043
06073018509,185.09,Census Tract 185.09,61343.0,22.8,15.15812431842966,7.742639040348964,5242,25.80493814181214
06073018512,185.12,Census Tract 185.12,54954.0,11.6,7.2781655034895305,7.377866400797608,3585,44.21951134691205
06073018515,185.15,Census Tract 185.15,116042.0,2.5,6.935483870967742,0.43010752688172044,5146,75.66994484185572
06073004300,43,Census Tract 43,107846.0,7.8,3.832396525293817,2.5549310168625445,4339,68.99662573740662
06073004400,44,Census Tract 44,102069.0,10.0,2.883506343713956,1.2687427912341407,4097,69.34964653226035
06073004600,46,Census Tract 46,72774.0,9.5,16.778523489932887,3.3557046979865772,1996,46.02571621462173
06073004700,47,Census Tract 47,64338.0,8.7,9.37950937950938,3.1746031746031744,1327,53.71275806077005
06073004800,48,Census Tract 48,61783.0,23.6,12.111801242236025,5.667701863354037,3395,32.18275086343497
06073004900,49,Census Tract 49,46533.0,29.5,15.021725636250777,17.815021725636253,5166,0.0
06073009102,91.02,Census Tract 91.02,75087.0,13.9,8.638211382113822,5.84349593495935,3923,46.770808304457475
06073009104,91.04,Census Tract 91.04,147586.0,5.0,3.296703296703297,0.0,2838,83.41108146524904
06073009107,91.07,Census Tract 91.07,75733.0,30.3,3.949100482667837,1.8867924528301887,5066,44.051012003453636
06073005500,55,Census Tract 55,,0.0,0.0,0.0,295,92.872324998947
06073005700,57,Census Tract 57,75181.0,35.5,21.62162162162162,2.5945945945945943,2154,18.702233588332444
06073009201,92.01,Census Tract 92.01,82727.0,7.9,5.189990732159407,2.4559777571825765,5739,63.38337770787146
06073009301,93.01,Census Tract 93.01,106974.0,8.0,2.878464818763326,2.025586353944563,5304,70.6542370752268
06073009506,95.06,Census Tract 95.06,154250.0,4.3,2.083333333333333,2.450980392156863,4582,82.0937608744363
06073009602,96.02,Census Tract 96.02,153575.0,5.8,0.0,4.642638973732438,4083,78.93814185256309
06073006000,60,Census Tract 60,99044.0,13.8,10.537021969080554,1.1391375101708707,4431,57.26750389796536
06073006100,61,Census Tract 61,95655.0,7.0,3.1278748850046,2.667893284268629,2225,68.24385158261788
06073006300,63,Census Tract 63,,,,,2490,
06073009603,96.03,Census Tract 96.03,70571.0,16.3,5.632949727437916,1.3325257419745609,6270,55.176454106090006
06073009604,96.04,Census Tract 96.04,90282.0,5.4,4.10958904109589,3.604902667627974,3212,66.05754546777663
06073009703,97.03,Census Tract 97.03,132094.0,4.7,2.0360219263899766,5.951448707909162,3595,71.77183843926177
06073009705,97.05,Census Tract 97.05,136742.0,3.2,0.7173601147776184,0.0,3700,86.04291995960794
06073009801,98.01,Census Tract 98.01,130543.0,3.4,4.356060606060606,4.924242424242424,5070,72.02271183963502
06073011802,118.02,Census Tract 118.02,57273.0,16.4,5.828220858895705,6.7995910020449895,7161,42.82531585603803
06073006600,66,Census Tract 66,101250.0,7.0,2.100840336134454,1.050420168067227,2001,73.20424526765517
06073006900,69,Census Tract 69,140768.0,6.8,1.09628217349857,0.667302192564347,5878,81.81092497106944
06073007002,70.02,Census Tract 70.02,179239.0,5.0,5.590551181102362,3.149606299212598,3170,80.58491241908362
06073009804,98.04,Census Tract 98.04,148026.0,2.1,6.914893617021277,10.372340425531915,5792,63.592547715178256
06073009805,98.05,Census Tract 98.05,101644.0,4.4,1.9442984760903836,3.9411455596426697,4559,70.63548757990964
06073010001,100.01,Census Tract 100.01,101591.0,5.6,6.581532416502947,1.080550098231827,3948,69.61734953785027
06073010003,100.03,Census Tract 100.03,98913.0,10.0,6.005056890012642,1.8331226295828067,4972,64.41127023387953
06073010004,100.04,Census Tract 100.04,105074.0,8.0,3.1192660550458715,2.293577981651376,5229,69.5919819459576
06073012002,120.02,Census Tract 120.02,38973.0,21.6,25.37788385043755,22.593476531424024,3319,0.0
06073012003,120.03,Census Tract 120.03,93438.0,5.7,5.9775840597758405,12.079701120797012,2899,49.07202660163054
06073012101,121.01,Census Tract 121.01,93824.0,7.8,10.51051051051051,13.963963963963963,2193,38.90086072552242
06073007200,72,Census Tract 72,177039.0,4.2,2.8233749179251477,2.1011162179908074,5809,85.83944636147662
06073007302,73.02,Census Tract 73.02,179449.0,1.9,1.3171225937183384,0.8105369807497468,2741,92.3066914432521
06073007501,75.01,Census Tract 75.01,83750.0,9.2,9.574468085106384,5.319148936170213,4160,52.4570532704004
06073007502,75.02,Census Tract 75.02,84550.0,7.3,6.819484240687679,3.151862464183381,3010,61.21858691069131
06073010009,100.09,Census Tract 100.09,74063.0,10.3,6.891701828410689,12.165963431786217,5436,40.450437055462785
06073010010,100.10,Census Tract 100.10,65000.0,12.7,10.588972431077694,5.889724310776942,4807,43.97022240388073
06073010013,100.13,Census Tract 100.13,69459.0,10.9,7.707509881422925,10.540184453227932,4845,41.157111482029826
06073010106,101.06,Census Tract 101.06,50833.0,24.0,13.77245508982036,10.928143712574851,4704,18.72850128182502
06073010107,101.07,Census Tract 101.07,85875.0,4.7,1.935483870967742,3.343108504398827,5928,68.79254311374056
06073012102,121.02,Census Tract 121.02,70125.0,16.8,8.26271186440678,5.296610169491525,2753,44.66892552714929
06073012302,123.02,Census Tract 123.02,44750.0,18.8,14.249363867684478,9.033078880407125,1533,25.353614598813575
06073012304,123.04,Census Tract 123.04,90300.0,10.0,9.169054441260744,6.088825214899714,4427,51.88462653541305
06073012402,124.02,Census Tract 124.02,64018.0,16.8,2.9930518439337255,6.413682522715125,5448,47.368702153748046
06073010401,104.01,Census Tract 104.01,70609.0,4.7,4.993909866017052,2.8014616321559074,2150,63.87199799154982
06073008002,80.02,Census Tract 80.02,184653.0,2.9,1.6617790811339197,1.7595307917888565,2680,90.18712719580681
06073010110,101.10,Census Tract 101.10,68333.0,20.9,5.270793036750483,6.528046421663443,7368,41.65430455247673
06073010111,101.11,Census Tract 101.11,59561.0,16.6,2.8402366863905324,5.562130177514793,3614,48.497191195919456
06073010112,101.12,Census Tract 101.12,57083.0,22.8,7.321899736147758,5.672823218997362,5241,37.326004458281005
06073010300,103,Census Tract 103,77722.0,12.4,14.93032514930325,11.54611811546118,4240,31.510818691543662
06073013301,133.01,Census Tract 133.01,106645.0,7.3,5.8072750478621575,7.657945118059987,4860,57.946818681801716
06073012600,126,Census Tract 126,78017.0,11.6,6.54993514915694,7.198443579766536,4700,49.21059809571009
06073012700,127,Census Tract 127,67961.0,13.6,14.335060449050086,9.268854346574553,4882,33.5045782383916
06073012800,128,Census Tract 128,84185.0,7.3,8.737864077669903,7.169529499626587,3797,51.86040685503027
06073012900,129,Census Tract 129,103438.0,5.4,0.8818342151675485,7.760141093474426,3741,64.32230629738704
06073013000,130,Census Tract 130,72700.0,13.4,8.979808714133899,13.815090329436769,5526,32.14977527210015
06073008101,81.01,Census Tract 81.01,104457.0,8.4,2.0765027322404372,3.934426229508197,3696,67.31099031132119
06073008102,81.02,Census Tract 81.02,188545.0,4.0,1.6116653875671527,6.523407521105142,3367,81.33822013459348
06073008301,83.01,Census Tract 83.01,230962.0,2.2,2.8461538461538463,7.384615384615385,3461,87.23019226134885
06073008306,83.06,Census Tract 83.06,232614.0,8.2,1.028999064546305,2.245088868101029,2688,93.2095234284075
06073010402,104.02,Census Tract 104.02,59227.0,15.6,11.313465783664459,12.527593818984547,5442,27.641341704069777
06073010501,105.01,Census Tract 105.01,118634.0,5.5,4.684684684684685,3.6036036036036037,1288,70.10896143085012
06073010502,105.02,Census Tract 105.02,65351.0,17.5,6.129184347006129,5.893446487505893,5742,44.47414902599777
06073010601,106.01,Census Tract 106.01,202692.0,4.8,0.0,0.8101851851851851,1981,94.98952861439065
06073013205,132.05,Census Tract 132.05,61786.0,12.8,2.9829545454545454,5.681818181818182,2182,51.983588950529025
06073013102,131.02,Census Tract 131.02,64619.0,10.4,6.821480406386067,6.676342525399129,6868,48.69966409169598
06073013103,131.03,Census Tract 131.03,73333.0,13.6,6.623376623376623,13.376623376623375,2485,35.422629118935845
06073013104,131.04,Census Tract 131.04,54750.0,11.2,5.357142857142857,5.627705627705628,5718,49.78203291836906
06073013203,132.03,Census Tract 132.03,52014.0,12.4,17.42777260018639,11.416589002795899,6020,24.705384652163023
06073013204,132.04,Census Tract 132.04,61852.0,9.4,7.398753894080996,9.034267912772584,4522,44.29137297260411
06073010109,101.09,Census Tract 101.09,104630.0,4.8,3.5989717223650386,4.884318766066838,4824,67.27860253422716
06073008307,83.07,Census Tract 83.07,122083.0,4.4,9.058614564831261,8.52575488454707,4348,58.106125764151386
06073008327,83.27,Census Tract 83.27,174659.0,4.5,0.4552980132450331,0.5380794701986755,6038,90.54505637967611
06073008330,83.30,Census Tract 83.30,176190.0,5.5,4.021739130434782,4.510869565217392,4901,78.87732855234049
06073010900,109,Census Tract 109,179063.0,1.0,2.3064250411861615,2.14168039538715,1581,89.60165121160497
06073011000,110,Census Tract 110,97237.0,3.1,0.6540697674418605,2.0348837209302326,2787,75.91033587385179
06073011100,111,Census Tract 111,127050.0,3.9,8.406186953597848,1.277740416946873,3531,73.11675221727403
06073013306,133.06,Census Tract 133.06,86563.0,14.0,2.5573192239858904,1.763668430335097,4066,62.54383092144347
06073013206,132.06,Census Tract 132.06,52622.0,22.9,8.8491517652453,8.436497019715727,5999,29.863512939625846
06073014602,146.02,Census Tract 146.02,126628.0,2.6,1.9453207150368035,4.153522607781283,5300,76.10277817540927
06073011300,113,Census Tract 113,155114.0,13.5,0.0,0.0,2386,80.47250966390253
06073008511,85.11,Census Tract 85.11,132786.0,9.0,2.1374045801526718,0.9923664122137404,5362,76.73728215165829
06073013601,136.01,Census Tract 136.01,114656.0,7.2,8.00790904597133,1.828966880869995,5475,67.45294131108732
06073017048,170.48,Census Tract 170.48,98036.0,7.8,4.083526682134571,7.053364269141531,6281,59.00112078621976
06073009507,95.07,Census Tract 95.07,113875.0,5.1,0.9868421052631579,1.3157894736842104,3934,77.8031078463312
06073007800,78,Census Tract 78,105938.0,13.8,1.2304250559284116,3.9149888143176734,5939,63.56638089304579
06073008503,85.03,Census Tract 85.03,118141.0,11.0,4.56418383518225,8.019017432646592,7714,57.192606622592635
06073009902,99.02,Census Tract 99.02,,,,,0,
06073020304,203.04,Census Tract 203.04,140586.0,2.9,0.0,0.8095440988495952,6480,86.29136820809497
06073013302,133.02,Census Tract 133.02,100772.0,7.3,0.0,3.7735849056603774,7029,70.24659901661548
06073013303,133.03,Census Tract 133.03,71750.0,6.8,5.403458213256484,8.213256484149856,4593,51.98148556957691
06073015502,155.02,Census Tract 155.02,127120.0,6.0,0.40609137055837563,2.7411167512690358,3033,77.27853176230516
06073021202,212.02,Census Tract 212.02,93370.0,6.6,9.598603839441536,9.598603839441536,3314,48.75043213876937
06073016201,162.01,Census Tract 162.01,142697.0,7.6,3.1003678402522334,3.1003678402522334,5444,74.85589032844777
06073019002,190.02,Census Tract 190.02,130987.0,7.7,2.9185867895545314,4.377880184331797,3818,70.70068491192137
06073018510,185.10,Census Tract 185.10,56071.0,19.7,6.476190476190475,6.571428571428571,2733,39.30383773572479
06073019803,198.03,Census Tract 198.03,107813.0,12.2,11.954697986577182,1.8036912751677854,5668,57.47340278040677
06073015302,153.02,Census Tract 153.02,115575.0,4.9,2.3826208829712687,8.409250175192712,4448,64.023663960963
06073010104,101.04,Census Tract 101.04,103315.0,5.4,3.16622691292876,7.563764291996482,3203,62.16959390785015
06073017601,176.01,Census Tract 176.01,171310.0,4.0,7.601510859301228,3.39943342776204,5221,77.53295459794191
06073016606,166.06,Census Tract 166.06,126731.0,1.3,1.893939393939394,0.6818181818181818,3634,83.59790874312687
06073008501,85.01,Census Tract 85.01,131944.0,7.1,2.5797373358348965,1.4071294559099436,5800,77.11148364262974
06073003601,36.01,Census Tract 36.01,83233.0,14.1,13.570487483530963,11.594202898550725,3460,32.27199552221791
06073013411,134.11,Census Tract 134.11,158802.0,4.3,1.8708509354254677,3.7417018708509353,4838,80.7736492259355
06073002703,27.03,Census Tract 27.03,83644.0,11.9,0.8913412563667233,8.998302207130731,7082,52.805642574201855
06073003109,31.09,Census Tract 31.09,123368.0,11.2,0.8130081300813009,0.9291521486643438,3319,74.69177170200534
06073003111,31.11,Census Tract 31.11,46528.0,24.7,14.059080962800873,12.144420131291028,6211,14.86875173052203
06073003112,31.12,Census Tract 31.12,85965.0,5.0,0.0,1.2058570198105083,3938,74.47342912523341
06073003113,31.13,Census Tract 31.13,114028.0,7.4,2.1576763485477177,2.323651452282158,4719,72.63890485069383
06073007701,77.01,Census Tract 77.01,126346.0,8.6,2.995169082125604,1.6908212560386473,4243,73.83484143048244
06073007907,79.07,Census Tract 79.07,115660.0,13.7,4.9720323182100685,0.0,3167,68.24920207123888
06073021600,216,Census Tract 216,111023.0,12.4,3.2917139614074915,0.340522133938706,2922,69.87738513577239
06073021800,218,Census Tract 218,213125.0,2.6,1.9777503090234856,0.865265760197775,1987,96.50968872903614
06073022000,220,Census Tract 220,66801.0,7.0,10.06794317479926,8.276714021000618,4357,45.779333294790895
06073008003,80.03,Census Tract 80.03,158704.0,5.7,3.882978723404255,4.202127659574468,3440,76.45951966091705
06073008006,80.06,Census Tract 80.06,131125.0,5.1,2.17983651226158,0.8719346049046321,4039,80.20206200618762
06073008361,83.61,Census Tract 83.61,97772.0,26.7,5.316973415132924,2.8629856850715747,2720,47.815403015180856
06073008362,83.62,Census Tract 83.62,114071.0,6.5,4.99359795134443,0.0,3270,74.55681277228832
06073009305,93.05,Census Tract 93.05,128674.0,9.5,0.74487895716946,0.8845437616387336,5262,77.29581088121057
06073009306,93.06,Census Tract 93.06,136375.0,6.8,1.0440308669995462,0.0,5746,82.32684843977732
06073018613,186.13,Census Tract 186.13,88450.0,5.0,3.173311635475997,1.545972335231896,3801,70.82953687974954
06073009510,95.10,Census Tract 95.10,57759.0,11.2,1.4481707317073171,1.4481707317073171,4752,62.04012653771753
06073012501,125.01,Census Tract 125.01,43125.0,28.3,15.686274509803921,14.401622718052739,3980,5.1769239302223315
06073012502,125.02,Census Tract 125.02,65625.0,12.3,8.0,7.154929577464789,4830,44.98694306104432
06073013420,134.20,Census Tract 134.20,127222.0,9.1,3.5343035343035343,1.4553014553014554,3202,73.36022480922247
06073019808,198.08,Census Tract 198.08,98521.0,1.8,2.6094276094276094,1.2626262626262625,4667,76.57686443044788
06073014901,149.01,Census Tract 149.01,82240.0,10.5,8.791801510248112,2.373247033441208,4854,57.150034244541025
06073016503,165.03,Census Tract 165.03,97955.0,7.5,3.699788583509514,1.6913319238900635,2934,69.30290180740184
06073016504,165.04,Census Tract 165.04,59129.0,18.6,15.974304068522486,13.49036402569593,6734,18.07870662424791
06073007905,79.05,Census Tract 79.05,120074.0,14.2,5.221174764321972,2.973168963016679,2557,62.92617546865103
06073007910,79.10,Census Tract 79.10,100227.0,9.8,4.333764553686934,0.0,2832,69.9229836059185
06073014902,149.02,Census Tract 149.02,72500.0,5.2,10.547945205479452,2.945205479452055,3004,57.4332294750054
06073000201,2.01,Census Tract 2.01,110476.0,8.8,12.32114467408585,7.472178060413355,2376,50.46523019186438
06073002711,27.11,Census Tract 27.11,87011.0,8.6,1.105527638190955,4.221105527638191,3772,64.73641909105582
06073008363,83.63,Census Tract 83.63,70206.0,46.7,13.894736842105262,0.0,5373,20.662147498044153
06073003304,33.04,Census Tract 33.04,45362.0,21.4,14.084507042253522,13.615023474178404,3164,15.029994086390918
06073007908,79.08,Census Tract 79.08,89936.0,7.2,5.009276437847866,0.0,3285,69.84099017400308
06073014806,148.06,Census Tract 148.06,64075.0,26.8,10.986964618249534,13.531967721911856,3166,16.745048312751713
06073008364,83.64,Census Tract 83.64,97066.0,23.2,11.644134321849107,0.0,4596,49.16099387880424
06073008366,83.66,Census Tract 83.66,225692.0,1.4,1.0869565217391304,0.0,6994,100.0
06073009511,95.11,Census Tract 95.11,69087.0,8.4,0.8376963350785341,3.4554973821989527,4283,63.5718486046684
06073007702,77.02,Census Tract 77.02,109414.0,7.0,3.040734366035571,2.4096385542168677,3188,71.11510293983854
06073020308,203.08,Census Tract 203.08,51736.0,15.1,12.990837696335078,9.947643979057592,6512,29.646152994380067
06073017801,178.01,Census Tract 178.01,115711.0,7.8,7.250437828371278,9.457092819614711,7195,54.21422326329101
06073012303,123.03,Census Tract 123.03,75024.0,12.1,11.890999174236168,9.826589595375722,3847,37.72371154048411
06073004200,42,Census Tract 42,138021.0,3.6,0.9279717189571366,2.209456473707468,5903,81.69704123563393
06073002904,29.04,Census Tract 29.04,45746.0,46.0,9.646302250803858,3.4163987138263665,9812,15.680912701653446
06073002502,25.02,Census Tract 25.02,94092.0,14.8,7.194550872711793,3.4057045551298426,6932,55.086076742449265
06073017052,170.52,Census Tract 170.52,126588.0,0.5,5.8005752636625125,3.307766059443912,4921,75.34547455289086
06073017055,170.55,Census Tract 170.55,159434.0,1.8,0.9013785790031814,1.0604453870625663,5037,89.03730757309908
06073017056,170.56,Census Tract 170.56,111167.0,7.6,6.0200668896321075,0.8361204013377926,4321,70.44363279490186
06073020213,202.13,Census Tract 202.13,53333.0,26.9,13.14516129032258,2.82258064516129,3962,31.720283958226272
06073020214,202.14,Census Tract 202.14,32194.0,30.7,16.546762589928058,4.933196300102774,4855,17.196873591473036
06073000202,2.02,Census Tract 2.02,121264.0,4.0,3.9946737683089215,2.885042166000888,4019,73.9657390382009
06073002712,27.12,Census Tract 27.12,54083.0,27.7,10.801591813530415,6.537805571347357,5566,26.99442535416331
06073003305,33.05,Census Tract 33.05,56842.0,26.6,7.743097238895558,6.602641056422569,6521,31.67630136157027
06073016607,166.07,Census Tract 166.07,141229.0,7.8,3.962030540652084,2.1873710276516714,7054,75.12723082854853
